dataset_date,org,agency,affiliation,talent_id,name,en_name,tag,tag_norm,tag_kind,source_label,source_url,source_type,confidence,notes
2026-05-30,hololive,COVER,ホロライブ,hololive:AZKi,AZKi,AZKi,#AZKiART,azkiart,fanart,ファンアート,https://hololive.hololivepro.com/talents/azki/,hololive_official_profile,1.00,
2026-05-30,hololive,COVER,ホロライブEnglish,hololive:IRyS,IRyS,IRyS,#IRySart,irysart,fanart,Fan Art,https://hololist.net/irys/,hololist,0.80,hololive official profile lacks fan-art hashtag; HoloList used as supplemental source
2026-05-30,hololive,COVER,ホロライブインドネシア,hololive:こぼ・かなえる,こぼ・かなえる,Kobo Kanaeru,#AeruSeni,aeruseni,fanart,Fan Art,https://hololist.net/kobo-kanaeru/,hololist,0.80,hololive official profile lacks fan-art hashtag; HoloList used as supplemental source
2026-05-30,hololive,COVER,ホロライブ,hololive:さくらみこ,さくらみこ,Sakura Miko,#miko_Art,miko_art,fanart,ファンアート,https://hololive.hololivepro.com/talents/sakuramiko/,hololive_official_profile,1.00,
2026-05-30,hololive,COVER,ホロライブ,hololive:ときのそら,ときのそら,Tokino Sora,#そらArt,そらart,fanart,ファンアート,https://hololive.hololivepro.com/talents/tokino-sora/,hololive_official_profile,1.00,
2026-05-30,hololive,COVER,ホロライブインドネシア,hololive:アイラニ・イオフィフティーン,アイラニ・イオフィフティーン,Airani Iofifteen,#ioarts,ioarts,fanart,ファンアート,https://hololive.hololivepro.com/talents/airani-iofifteen/,hololive_official_profile,1.00,
2026-05-30,hololive,COVER,ホロライブ,hololive:アキ・ローゼンタール,アキ・ローゼンタール,Aki Rosenthal,#アロ絵,アロ絵,fanart,ファンアート,https://hololive.hololivepro.com/talents/aki-rosenthal/,hololive_official_profile,1.00,
2026-05-30,hololive,COVER,ホロライブインドネシア,hololive:アユンダ・リス,アユンダ・リス,Ayunda Risu,#GambaRisu,gambarisu,fanart,ファンアート,https://hololive.hololivepro.com/talents/ayunda-risu/,hololive_official_profile,1.00,
2026-05-30,hololive,COVER,ホロライブインドネシア,hololive:アーニャ・メルフィッサ,アーニャ・メルフィッサ,Anya Melfissa,#anyatelier,anyatelier,fanart,ファンアート,https://hololive.hololivepro.com/talents/anya-melfissa/,hololive_official_profile,1.00,
2026-05-30,hololive,COVER,ホロライブEnglish,hololive:エリザベス・ローズ・ブラッドフレイム,エリザベス・ローズ・ブラッドフレイム,Elizabeth Rose Bloodflame,#BloodflameArt,bloodflameart,fanart,Fan art,https://hololist.net/elizabeth-rose-bloodflame/,hololist,0.80,hololive official profile lacks fan-art hashtag; HoloList used as supplemental source
2026-05-30,hololive,COVER,ホロライブEnglish,hololive:オーロ・クロニー,オーロ・クロニー,Ouro Kronii,#クロニーラ,クロニーラ,fanart,ファンアート,https://hololive.hololivepro.com/talents/ouro-kronii/,hololive_official_profile,1.00,
2026-05-30,hololive,COVER,ホロライブインドネシア,hololive:カエラ・コヴァルスキア,カエラ・コヴァルスキア,Kaela Kovalskia,#inKaela,inkaela,fanart,Fan Art,https://hololist.net/kaela-kovalskia/,hololist,0.80,hololive official profile lacks fan-art hashtag; HoloList used as supplemental source
2026-05-30,hololive,COVER,ホロライブインドネシア,hololive:クレイジー・オリー,クレイジー・オリー,Kureiji Ollie,#graveyART,graveyart,fanart,Fan Art,https://hololist.net/kureiji-ollie/,hololist,0.80,hololive official profile lacks fan-art hashtag; HoloList used as supplemental source
2026-05-30,hololive,COVER,ホロライブEnglish,hololive:シオリ・ノヴェラ,シオリ・ノヴェラ,Shiori Novella,#ShiorinSketc,shiorinsketc,fanart,Fan Art,https://hololist.net/shiori-novella/,hololist,0.80,hololive official profile lacks fan-art hashtag; HoloList used as supplemental source
2026-05-30,hololive,COVER,ホロライブEnglish,hololive:ジジ・ムリン,ジジ・ムリン,Gigi Murin,#rkggk,rkggk,fanart,Fan Art,https://hololist.net/gigi-murin/,hololist,0.80,hololive official profile lacks fan-art hashtag; HoloList used as supplemental source
2026-05-30,hololive,COVER,ホロライブEnglish,hololive:セシリア・イマーグリーン,セシリア・イマーグリーン,Cecilia Immergreen,#Immergination,immergination,fanart,Fan Art,https://hololist.net/cecilia-immergreen/,hololist,0.80,hololive official profile lacks fan-art hashtag; HoloList used as supplemental source
2026-05-30,hololive,COVER,ホロライブEnglish,hololive:ネリッサ・レイヴンクロフト,ネリッサ・レイヴンクロフト,Nerissa Ravencroft,#RavenCrafts,ravencrafts,fanart,Fan Art,https://hololist.net/nerissa-ravencroft/,hololist,0.80,hololive official profile lacks fan-art hashtag; HoloList used as supplemental source
2026-05-30,hololive,COVER,ホロライブEnglish,hololive:ハコス・ベールズ,ハコス・ベールズ,Hakos Baelz,#BaelzBrush,baelzbrush,fanart,Fan Art,https://hololive.hololivepro.com/talents/hakos-baelz/,hololive_official_profile,1.00,
2026-05-30,hololive,COVER,ホロライブインドネシア,hololive:パヴォリア・レイネ,パヴォリア・レイネ,Pavolia Reine,#Reinessance,reinessance,fanart,ファンアート,https://hololive.hololivepro.com/talents/pavolia-reine/,hololive_official_profile,1.00,
2026-05-30,hololive,COVER,ホロライブEnglish,hololive:フワワ・アビスガード,フワワ・アビスガード,Fuwawa Abyssgard,#FWMCpix,fwmcpix,fanart,Fan Art,https://hololist.net/fuwawa-abyssgard/,hololist,0.80,hololive official profile lacks fan-art hashtag; HoloList used as supplemental source
2026-05-30,hololive,COVER,ホロライブインドネシア,hololive:ベスティア・ゼータ,ベスティア・ゼータ,Vestia Zeta,#Zetacrylic,zetacrylic,fanart,Fan Art,https://hololist.net/vestia-zeta/,hololist,0.80,hololive official profile lacks fan-art hashtag; HoloList used as supplemental source
2026-05-30,hololive,COVER,ホロライブインドネシア,hololive:ムーナ・ホシノヴァ,ムーナ・ホシノヴァ,Moona Hoshinova,#HoshinovArt,hoshinovart,fanart,ファンアート,https://hololive.hololivepro.com/talents/moona-hoshinova/,hololive_official_profile,1.00,
2026-05-30,hololive,COVER,ホロライブEnglish,hololive:モココ・アビスガード,モココ・アビスガード,Mococo Abyssgard,#FWMCpix,fwmcpix,fanart,Fan Art,https://hololist.net/mococo-abyssgard/,hololist,0.80,hololive official profile lacks fan-art hashtag; HoloList used as supplemental source
2026-05-30,hololive,COVER,ホロライブEnglish,hololive:ラオーラ・パンテーラ,ラオーラ・パンテーラ,Raora Panthera,#RaorArt,raorart,fanart,Fan Art,https://hololist.net/raora-panthera/,hololist,0.80,hololive official profile lacks fan-art hashtag; HoloList used as supplemental source
2026-05-30,hololive,COVER,ホロライブ,hololive:ラプラス・ダークネス,ラプラス・ダークネス,La+ Darknesss,#Laplus_Artdesu,laplus_artdesu,fanart,アートタグ,https://hololive.hololivepro.com/talents/la-darknesss/,hololive_official_profile,1.00,
2026-05-30,hololive,COVER,ホロライブ,hololive:ロボ子さん,ロボ子さん,Robocosan,#ロボ子Art,ロボ子art,fanart,ファンアート,https://hololive.hololivepro.com/talents/roboco-san/,hololive_official_profile,1.00,
2026-05-30,hololive,COVER,ホロライブEnglish,hololive:ワトソン・アメリア,ワトソン・アメリア,Watson Amelia,#ameliaRT,ameliart,fanart,ファンアート,https://hololive.hololivepro.com/talents/watson-amelia/,hololive_official_profile,1.00,
2026-05-30,hololive,COVER,ホロライブEnglish,hololive:一伊那尓栖,一伊那尓栖,Ninomae Ina'nis,#inART,inart,fanart,ファンアート,https://hololive.hololivepro.com/talents/ninomae-inanis/,hololive_official_profile,1.00,
2026-05-30,hololive,COVER,ホロライブEnglish,hololive:一伊那尓栖,一伊那尓栖,Ninomae Ina'nis,#いなート,いなート,fanart,ファンアート,https://hololive.hololivepro.com/talents/ninomae-inanis/,hololive_official_profile,1.00,
2026-05-30,hololive,COVER,hololive DEV_IS,hololive:一条莉々華,一条莉々華,Ichijou Ririka,#ririkart,ririkart,fanart,アートタグ,https://hololive.hololivepro.com/talents/ichijou-ririka/,hololive_official_profile,1.00,
2026-05-30,hololive,COVER,ホロライブ,hololive:不知火フレア,不知火フレア,Shiranui Flare,#しらぬえ,しらぬえ,fanart,ファンアート,https://hololive.hololivepro.com/talents/shiranui-flare/,hololive_official_profile,1.00,
2026-05-30,hololive,COVER,hololive DEV_IS,hololive:儒烏風亭らでん,儒烏風亭らでん,Juufuutei Raden,#らでん似絵,らでん似絵,fanart,アートタグ,https://hololive.hololivepro.com/talents/juufuutei-raden/,hololive_official_profile,1.00,
2026-05-30,hololive,COVER,ホロライブ,hololive:兎田ぺこら,兎田ぺこら,Usada Pekora,#ぺこらーと,ぺこらーと,fanart,ファンアート,https://hololive.hololivepro.com/talents/usada-pekora/,hololive_official_profile,1.00,
2026-05-30,hololive,COVER,ホロライブ,hololive:博衣こより,博衣こより,Hakui Koyori,#こよりすけっち,こよりすけっち,fanart,ファンアートタグ,https://hololive.hololivepro.com/talents/hakui-koyori/,hololive_official_profile,1.00,
2026-05-30,hololive,COVER,ホロライブEnglish,hololive:古石ビジュー,古石ビジュー,Koseki Bijou,#bijouwled,bijouwled,fanart,Fan Art,https://hololist.net/koseki-bijou/,hololist,0.80,hololive official profile lacks fan-art hashtag; HoloList used as supplemental source
2026-05-30,hololive,COVER,ホロライブ,hololive:夏色まつり,夏色まつり,Natsuiro Matsuri,＃祭絵,祭絵,fanart,ファンアート,https://hololive.hololivepro.com/talents/natsuiro-matsuri/,hololive_official_profile,1.00,
2026-05-30,hololive,COVER,ホロライブ,hololive:大神ミオ,大神ミオ,Ookami Mio,#みおーん絵,みおーん絵,fanart,ファンアート,https://hololive.hololivepro.com/talents/ookami-mio/,hololive_official_profile,1.00,
2026-05-30,hololive,COVER,ホロライブ,hololive:大空スバル,大空スバル,Oozora Subaru,#プロテインザスバル,プロテインザスバル,fanart,ファンアート,https://hololive.hololivepro.com/talents/oozora-subaru/,hololive_official_profile,1.00,
2026-05-30,hololive,COVER,ホロライブ,hololive:姫森ルーナ,姫森ルーナ,Himemori Luna,#ルーナート,ルーナート,fanart,ファンアート,https://hololive.hololivepro.com/talents/himemori-luna/,hololive_official_profile,1.00,
2026-05-30,hololive,COVER,ホロライブ,hololive:宝鐘マリン,宝鐘マリン,Houshou Marine,#マリンのお宝,マリンのお宝,fanart,ファンアート,https://hololive.hololivepro.com/talents/houshou-marine/,hololive_official_profile,1.00,
2026-05-30,hololive,COVER,ホロライブEnglish,hololive:小鳥遊キアラ,小鳥遊キアラ,Takanashi Kiara,#artsofashes,artsofashes,fanart,ファンアート,https://hololive.hololivepro.com/talents/takanashi-kiara/,hololive_official_profile,1.00,
2026-05-30,hololive,COVER,ホロライブEnglish,hololive:小鳥遊キアラ,小鳥遊キアラ,Takanashi Kiara,#絵ニックス,絵ニックス,fanart,ファンアート,https://hololive.hololivepro.com/talents/takanashi-kiara/,hololive_official_profile,1.00,
2026-05-30,hololive,COVER,ホロライブ,hololive:尾丸ポルカ,尾丸ポルカ,Omaru Polka,#絵まる,絵まる,fanart,ファンアート,https://hololive.hololivepro.com/talents/omaru-polka/,hololive_official_profile,1.00,
2026-05-30,hololive,COVER,ホロライブ,hololive:常闇トワ,常闇トワ,Tokoyami Towa,#TOWART,towart,fanart,ファンアート,https://hololive.hololivepro.com/talents/tokoyami-towa/,hololive_official_profile,1.00,
2026-05-30,hololive,COVER,ホロライブ,hololive:戌神ころね,戌神ころね,Inugami Korone,#できたてころね,できたてころね,fanart,ファンアート,https://hololive.hololivepro.com/talents/inugami-korone/,hololive_official_profile,1.00,
2026-05-30,hololive,COVER,ホロライブ,hololive:星街すいせい,星街すいせい,Hoshimachi Suisei,#ほしまちぎゃらりー,ほしまちぎゃらりー,fanart,ファンアート,https://hololive.hololivepro.com/talents/hoshimachi-suisei/,hololive_official_profile,1.00,
2026-05-30,hololive,COVER,ホロライブ,hololive:桃鈴ねね,桃鈴ねね,Momosuzu Nene,#ねねアルバム,ねねアルバム,fanart,Fan Art,https://hololist.net/momosuzu-nene/,hololist,0.80,hololive official profile lacks fan-art hashtag; HoloList used as supplemental source
2026-05-30,hololive,COVER,ホロライブEnglish,hololive:森カリオペ,森カリオペ,Mori Calliope,#callillust,callillust,fanart,ファンアート,https://hololive.hololivepro.com/talents/mori-calliope/,hololive_official_profile,1.00,
2026-05-30,hololive,COVER,ホロライブEnglish,hololive:森カリオペ,森カリオペ,Mori Calliope,#カリイラスト,カリイラスト,fanart,ファンアート,https://hololive.hololivepro.com/talents/mori-calliope/,hololive_official_profile,1.00,
2026-05-30,hololive,COVER,hololive DEV_IS,hololive:水宮枢,水宮枢,Mizumiya Su,#すくすく枢,すくすく枢,fanart,Fan Art,https://hololist.net/mizumiya-su/,hololist,0.80,hololive official profile lacks fan-art hashtag; HoloList used as supplemental source
2026-05-30,hololive,COVER,ホロライブ,hololive:沙花叉クロヱ,沙花叉クロヱ,Sakamata Chloe,#さかまた飼育日記,さかまた飼育日記,fanart,ファンアートタグ,https://hololive.hololivepro.com/talents/sakamata-chloe/,hololive_official_profile,1.00,
2026-05-30,hololive,COVER,ホロライブ,hololive:猫又おかゆ,猫又おかゆ,Nekomata Okayu,#絵かゆ,絵かゆ,fanart,ファンアート,https://hololive.hololivepro.com/talents/nekomata-okayu/,hololive_official_profile,1.00,
2026-05-30,hololive,COVER,ホロライブ,hololive:獅白ぼたん,獅白ぼたん,Shishiro Botan,#ししらーと,ししらーと,fanart,ファンアート,https://hololive.hololivepro.com/talents/shishiro-botan/,hololive_official_profile,1.00,
2026-05-30,hololive,COVER,ホロライブ,hololive:癒月ちょこ,癒月ちょこ,Yuzuki Choco,#しょこらーと,しょこらーと,fanart,ファンアート,https://hololive.hololivepro.com/talents/yuzuki-choco/,hololive_official_profile,1.00,
2026-05-30,hololive,COVER,ホロライブ,hololive:白上フブキ,白上フブキ,Shirakami Fubuki,#絵フブキ,絵フブキ,fanart,ファンアート,https://hololive.hololivepro.com/talents/shirakami-fubuki/,hololive_official_profile,1.00,
2026-05-30,hololive,COVER,ホロライブ,hololive:白銀ノエル,白銀ノエル,Shirogane Noel,#ノエラート,ノエラート,fanart,ファンアート,https://hololive.hololivepro.com/talents/shirogane-noel/,hololive_official_profile,1.00,
2026-05-30,hololive,COVER,ホロライブ,hololive:百鬼あやめ,百鬼あやめ,Nakiri Ayame,#百鬼絵巻,百鬼絵巻,fanart,ファンアート,https://hololive.hololivepro.com/talents/nakiri-ayame/,hololive_official_profile,1.00,
2026-05-30,hololive,COVER,hololive DEV_IS,hololive:綺々羅々ヴィヴィ,綺々羅々ヴィヴィ,Kikirara Vivi,#ヴィヴィメイク,ヴィヴィメイク,fanart,Fan Art,https://hololist.net/kikirara-vivi/,hololist,0.80,hololive official profile lacks fan-art hashtag; HoloList used as supplemental source
2026-05-30,hololive,COVER,hololive DEV_IS,hololive:虎金妃笑虎,虎金妃笑虎,Koganei Niko,#ニコたん描いたん,ニコたん描いたん,fanart,Fan Art,https://hololist.net/koganei-niko/,hololist,0.80,hololive official profile lacks fan-art hashtag; HoloList used as supplemental source
2026-05-30,hololive,COVER,ホロライブ,hololive:角巻わため,角巻わため,Tsunomaki Watame,#つのまきあーと,つのまきあーと,fanart,ファンアート,https://hololive.hololivepro.com/talents/tsunomaki-watame/,hololive_official_profile,1.00,
2026-05-30,hololive,COVER,ホロライブ,hololive:赤井はあと,赤井はあと,Akai Haato,#はあとart,はあとart,fanart,ファンアート,https://hololive.hololivepro.com/talents/akai-haato/,hololive_official_profile,1.00,
2026-05-30,hololive,COVER,hololive DEV_IS,hololive:輪堂千速,輪堂千速,Rindo Chihaya,#もはやちは,もはやちは,fanart,Fan Art,https://hololist.net/rindo-chihaya/,hololist,0.80,hololive official profile lacks fan-art hashtag; HoloList used as supplemental source
2026-05-30,hololive,COVER,hololive DEV_IS,hololive:轟はじめ,轟はじめ,Todoroki Hajime,#はじめ武勇伝,はじめ武勇伝,fanart,アートタグ,https://hololive.hololivepro.com/talents/todoroki-hajime/,hololive_official_profile,1.00,
2026-05-30,hololive,COVER,ホロライブ,hololive:雪花ラミィ,雪花ラミィ,Yukihana Lamy,＃LamyArt,lamyart,fanart,ファンアート,https://hololive.hololivepro.com/talents/yukihana-lamy/,hololive_official_profile,1.00,
2026-05-30,hololive,COVER,hololive DEV_IS,hololive:音乃瀬奏,音乃瀬奏,Otonose Kanade,#Artnose,artnose,fanart,アートタグ,https://hololive.hololivepro.com/talents/otonose-kanade/,hololive_official_profile,1.00,
2026-05-30,hololive,COVER,hololive DEV_IS,hololive:響咲リオナ,響咲リオナ,Isaki Riona,#リオナート,リオナート,fanart,Fan Art,https://hololist.net/isaki-riona/,hololist,0.80,hololive official profile lacks fan-art hashtag; HoloList used as supplemental source
2026-05-30,hololive,COVER,ホロライブ,hololive:風真いろは,風真いろは,Kazama Iroha,#いろはにも絵を,いろはにも絵を,fanart,ファンアートタグ,https://hololive.hololivepro.com/talents/kazama-iroha/,hololive_official_profile,1.00,
2026-05-30,hololive,COVER,ホロライブ,hololive:鷹嶺ルイ,鷹嶺ルイ,Takane Lui,#Luillust,luillust,fanart,ファンアートタグ,https://hololive.hololivepro.com/talents/takane-lui/,hololive_official_profile,1.00,
2026-05-30,nijisanji,ANYCOLOR,にじさんじ,nijisanji:Rei7,Rei7,Reina,#Rei0ut,rei0ut,fanart,ファンアート,https://wikiwiki.jp/nijisanji/Rei7,wikiwiki,0.70,community wiki manual supplement; official NIJISANJI profile does not expose fan-art hashtags
2026-05-30,nijisanji,ANYCOLOR,にじさんじ,nijisanji:えま★おうがすと,えま★おうがすと,Emma August,#えまの絵馬,えまの絵馬,fanart,Fan Art,https://hololist.net/emma-august/,hololist,0.80,NIJISANJI official profile lacks fan-art hashtags; HoloList used as supplemental source
2026-05-30,nijisanji,ANYCOLOR,にじさんじ,nijisanji:える,える,Elu,#えるの絵だよ,えるの絵だよ,fanart,Fan Art,https://hololist.net/elu/,hololist,0.80,NIJISANJI official profile lacks fan-art hashtags; HoloList used as supplemental source
2026-05-30,nijisanji,ANYCOLOR,にじさんじ,nijisanji:でびでび・でびる,でびでび・でびる,Debidebi Debiru,#でびるさまにささげるえ,でびるさまにささげるえ,fanart,Fan Art,https://hololist.net/debidebi-debiru/,hololist,0.80,NIJISANJI official profile lacks fan-art hashtags; HoloList used as supplemental source
2026-05-30,nijisanji,ANYCOLOR,にじさんじ,nijisanji:ましろ爻,ましろ爻,Mashiro Meme,#まっしろキャンバス,まっしろキャンバス,fanart,Fan Art,https://hololist.net/mashiro/,hololist,0.80,NIJISANJI official profile lacks fan-art hashtags; HoloList used as supplemental source
2026-05-30,nijisanji,ANYCOLOR,NIJISANJI EN,nijisanji:アイア アマレ,アイア アマレ,Aia Amare,#AiaAmARTe,aiaamarte,fanart,Fan Art,https://hololist.net/aia-amare/,hololist,0.80,NIJISANJI official profile lacks fan-art hashtags; HoloList used as supplemental source
2026-05-30,nijisanji,ANYCOLOR,にじさんじ,nijisanji:アルス・アルマル,アルス・アルマル,Ars Almal,#マル描いてちょんっ,マル描いてちょんっ,fanart,Fan Art,https://hololist.net/ars-almal/,hololist,0.80,NIJISANJI official profile lacks fan-art hashtags; HoloList used as supplemental source
2026-05-30,nijisanji,ANYCOLOR,NIJISANJI EN,nijisanji:アルバーン・ノックス,アルバーン・ノックス,Alban Knox,#AlbanKnoxArt,albanknoxart,fanart,Fan Art,https://hololist.net/alban-knox/,hololist,0.80,NIJISANJI official profile lacks fan-art hashtags; HoloList used as supplemental source
2026-05-30,nijisanji,ANYCOLOR,にじさんじ,nijisanji:アンジュ・カトリーナ,アンジュ・カトリーナ,Ange Katrina,#絵ンジュ,絵ンジュ,fanart,Fan Art,https://hololist.net/ange-katrina/,hololist,0.80,NIJISANJI official profile lacks fan-art hashtags; HoloList used as supplemental source
2026-05-30,nijisanji,ANYCOLOR,にじさんじ,nijisanji:イ ロハ,イ ロハ,Lee Roha,#Roha_Art,roha_art,fanart,Fan Art,https://hololist.net/lee-roha/,hololist,0.80,NIJISANJI official profile lacks fan-art hashtags; HoloList used as supplemental source
2026-05-30,nijisanji,ANYCOLOR,にじさんじ,nijisanji:イブラヒム,イブラヒム,Ibrahim,#絵ブラヒム,絵ブラヒム,fanart,Fan Art,https://hololist.net/ibrahim/,hololist,0.80,NIJISANJI official profile lacks fan-art hashtags; HoloList used as supplemental source
2026-05-30,nijisanji,ANYCOLOR,にじさんじ,nijisanji:エクス・アルビオ,エクス・アルビオ,Ex Albio,#絵クス絵画,絵クス絵画,fanart,Fan Art,https://hololist.net/ex-albio/,hololist,0.80,NIJISANJI official profile lacks fan-art hashtags; HoloList used as supplemental source
2026-05-30,nijisanji,ANYCOLOR,にじさんじ,nijisanji:エトナ クリムソン,エトナ クリムソン,Etna Crimson,#Etna_Art,etna_art,fanart,Fan Art,https://hololist.net/etna-crimson/,hololist,0.80,NIJISANJI official profile lacks fan-art hashtags; HoloList used as supplemental source
2026-05-30,nijisanji,ANYCOLOR,NIJISANJI EN,nijisanji:エナー・アールウェット,エナー・アールウェット,Enna Alouette,#Palouette,palouette,fanart,Fan Art,https://hololist.net/enna-alouette/,hololist,0.80,NIJISANJI official profile lacks fan-art hashtags; HoloList used as supplemental source
2026-05-30,nijisanji,ANYCOLOR,NIJISANJI EN,nijisanji:エリーラ ペンドラ,エリーラ ペンドラ,Elira Pendora,#pendorART,pendorart,fanart,Fan Art,https://hololist.net/elira-pendora/,hololist,0.80,NIJISANJI official profile lacks fan-art hashtags; HoloList used as supplemental source
2026-05-30,nijisanji,ANYCOLOR,にじさんじ,nijisanji:エリー・コニファー,エリー・コニファー,Eli Conifer,#絵にふぁー,絵にふぁー,fanart,Fan Art,https://hololist.net/eli-conifer/,hololist,0.80,NIJISANJI official profile lacks fan-art hashtags; HoloList used as supplemental source
2026-05-30,nijisanji,ANYCOLOR,にじさんじ,nijisanji:オ ジユ,オ ジユ,Oh Jiyu,#PREEART,preeart,fanart,Fan Art,https://hololist.net/oh-jiyu/,hololist,0.80,NIJISANJI official profile lacks fan-art hashtags; HoloList used as supplemental source
2026-05-30,nijisanji,ANYCOLOR,にじさんじ,nijisanji:オリバー・エバンス,オリバー・エバンス,Oliver Evans,#絵バンス,絵バンス,fanart,Fan Art,https://hololist.net/oliver-evans/,hololist,0.80,NIJISANJI official profile lacks fan-art hashtags; HoloList used as supplemental source
2026-05-30,nijisanji,ANYCOLOR,にじさんじ,nijisanji:ガオン,ガオン,Gaon,#GaonArt,gaonart,fanart,Fan Art,https://hololist.net/gaon/,hololist,0.80,NIJISANJI official profile lacks fan-art hashtags; HoloList used as supplemental source
2026-05-30,nijisanji,ANYCOLOR,にじさんじ,nijisanji:ギルザレンIII世,ギルザレンIII世,Gilzaren III,#ギルザレン画廊,ギルザレン画廊,fanart,Fan Art,https://hololist.net/gilzaren-iii/,hololist,0.80,NIJISANJI official profile lacks fan-art hashtags; HoloList used as supplemental source
2026-05-30,nijisanji,ANYCOLOR,NIJISANJI EN,nijisanji:クララ チャームウッド,クララ チャームウッド,Klara Charmwood,#Klaratelier,klaratelier,fanart,Fan Art,https://hololist.net/klara-charmwood/,hololist,0.80,NIJISANJI official profile lacks fan-art hashtags; HoloList used as supplemental source
2026-05-30,nijisanji,ANYCOLOR,NIJISANJI EN,nijisanji:クロード クローマーク,クロード クローマーク,Claude Clawmark,#Piclawsso,piclawsso,fanart,Fan Art,https://hololist.net/claude-clawmark/,hololist,0.80,NIJISANJI official profile lacks fan-art hashtags; HoloList used as supplemental source
2026-05-30,nijisanji,ANYCOLOR,NIJISANJI EN,nijisanji:ケイリクス・デボネア,ケイリクス・デボネア,Kaelix Debonair,#kaepix,kaepix,fanart,Fan Art,https://hololist.net/kaelix-debonair/,hololist,0.80,NIJISANJI official profile lacks fan-art hashtags; HoloList used as supplemental source
2026-05-30,nijisanji,ANYCOLOR,NIJISANJI EN,nijisanji:サニー・ブリスコー,サニー・ブリスコー,Sonny Brisko,#Briskart,briskart,fanart,Fan Art,https://hololist.net/sonny-brisko/,hololist,0.80,NIJISANJI official profile lacks fan-art hashtags; HoloList used as supplemental source
2026-05-30,nijisanji,ANYCOLOR,にじさんじ,nijisanji:シェリン・バーガンディ,シェリン・バーガンディ,Shellin Burgundy,#シェリンの証拠品,シェリンの証拠品,fanart,Fan Art,https://hololist.net/shellin-burgundy/,hololist,0.80,NIJISANJI official profile lacks fan-art hashtags; HoloList used as supplemental source
2026-05-30,nijisanji,ANYCOLOR,にじさんじ,nijisanji:シスター・クレア,シスター・クレア,Sister Claire,#描いたよクレアさん,描いたよクレアさん,fanart,Fan Art,https://hololist.net/sister-claire/,hololist,0.80,NIJISANJI official profile lacks fan-art hashtags; HoloList used as supplemental source
2026-05-30,nijisanji,ANYCOLOR,にじさんじ,nijisanji:ジョー・力一,ジョー・力一,Joe Rikiichi,#ジョー設展,ジョー設展,fanart,Fan Art,https://hololist.net/joe-rikiichi/,hololist,0.80,NIJISANJI official profile lacks fan-art hashtags; HoloList used as supplemental source
2026-05-30,nijisanji,ANYCOLOR,NIJISANJI EN,nijisanji:ジール・ギンジョウカ,ジール・ギンジョウカ,Zeal Ginjoka,#GinjoCanvas,ginjocanvas,fanart,Fan Art,https://hololist.net/zeal-ginjoka/,hololist,0.80,NIJISANJI official profile lacks fan-art hashtags; HoloList used as supplemental source
2026-05-30,nijisanji,ANYCOLOR,NIJISANJI EN,nijisanji:スカーレ ヨナグニ,スカーレ ヨナグニ,Scarle Yonaguni,#ScarleArt,scarleart,fanart,Fan Art,https://hololist.net/scarle-yonaguni/,hololist,0.80,NIJISANJI official profile lacks fan-art hashtags; HoloList used as supplemental source
2026-05-30,nijisanji,ANYCOLOR,NIJISANJI EN,nijisanji:セイブル,セイブル,Seible,#Seiblue,seiblue,fanart,Fan Art,https://hololist.net/seible/,hololist,0.80,NIJISANJI official profile lacks fan-art hashtags; HoloList used as supplemental source
2026-05-30,nijisanji,ANYCOLOR,にじさんじ,nijisanji:セフィナ,セフィナ,Seffyna,#Seffynart,seffynart,fanart,Fan Art,https://hololist.net/seffyna/,hololist,0.80,NIJISANJI official profile lacks fan-art hashtags; HoloList used as supplemental source
2026-05-30,nijisanji,ANYCOLOR,にじさんじ,nijisanji:セラフ・ダズルガーデン,セラフ・ダズルガーデン,Seraph Dazzlegarden,#SeraPic,serapic,fanart,Fan Art,https://hololist.net/seraph-dazzlegarden/,hololist,0.80,NIJISANJI official profile lacks fan-art hashtags; HoloList used as supplemental source
2026-05-30,nijisanji,ANYCOLOR,にじさんじ,nijisanji:ソ ナギ,ソ ナギ,So Nagi,#nagiart,nagiart,fanart,Fan Art,https://hololist.net/so-nagi/,hololist,0.80,NIJISANJI official profile lacks fan-art hashtags; HoloList used as supplemental source
2026-05-30,nijisanji,ANYCOLOR,にじさんじ,nijisanji:ソフィア・ヴァレンタイン,ソフィア・ヴァレンタイン,Sophia Valentine,#いらすたいん,いらすたいん,fanart,Fan Art,https://hololist.net/sophia-valentine/,hololist,0.80,NIJISANJI official profile lacks fan-art hashtags; HoloList used as supplemental source
2026-05-30,nijisanji,ANYCOLOR,にじさんじ,nijisanji:デレム カド,デレム カド,Derem Kado,#Derem_Art,derem_art,fanart,Fan Art,https://hololist.net/derem-kado/,hololist,0.80,NIJISANJI official profile lacks fan-art hashtags; HoloList used as supplemental source
2026-05-30,nijisanji,ANYCOLOR,NIJISANJI EN,nijisanji:ドッピオ ドロップサイト,ドッピオ ドロップサイト,Doppio Dropscythe,#Dropsights,dropsights,fanart,Fan Art,https://hololist.net/doppio-dropscythe/,hololist,0.80,NIJISANJI official profile lacks fan-art hashtags; HoloList used as supplemental source
2026-05-30,nijisanji,ANYCOLOR,にじさんじ,nijisanji:ドーラ,ドーラ,Dola,#ドーラの宝物庫,ドーラの宝物庫,fanart,Fan Art,https://hololist.net/dola/,hololist,0.80,NIJISANJI official profile lacks fan-art hashtags; HoloList used as supplemental source
2026-05-30,nijisanji,ANYCOLOR,にじさんじ,nijisanji:ナ セラ,ナ セラ,Na Sera,#Sera_art,sera_art,fanart,Fan Art,https://hololist.net/na-sera/,hololist,0.80,NIJISANJI official profile lacks fan-art hashtags; HoloList used as supplemental source
2026-05-30,nijisanji,ANYCOLOR,にじさんじ,nijisanji:ナギサ アルシニア,ナギサ アルシニア,Nagisa Arcinia,#Nagisa_Arciart,nagisa_arciart,fanart,Fan Art,https://hololist.net/nagisa-arcinia/,hololist,0.80,NIJISANJI official profile lacks fan-art hashtags; HoloList used as supplemental source
2026-05-30,nijisanji,ANYCOLOR,にじさんじ,nijisanji:ニュイ・ソシエール,ニュイ・ソシエール,Nui Sociere,#ソシ絵ール,ソシ絵ール,fanart,Fan Art,https://hololist.net/nui-sociere/,hololist,0.80,NIJISANJI official profile lacks fan-art hashtags; HoloList used as supplemental source
2026-05-30,nijisanji,ANYCOLOR,にじさんじ,nijisanji:ハ ユン,ハ ユン,Ha Yun,#HaYun_Art,hayun_art,fanart,Fan Art,https://hololist.net/ha-yun/,hololist,0.80,NIJISANJI official profile lacks fan-art hashtags; HoloList used as supplemental source
2026-05-30,nijisanji,ANYCOLOR,にじさんじ,nijisanji:ハナ マキア,ハナ マキア,Hana Macchia,#hanamaki_art,hanamaki_art,fanart,Fan Art,https://hololist.net/hana-macchia/,hololist,0.80,NIJISANJI official profile lacks fan-art hashtags; HoloList used as supplemental source
2026-05-30,nijisanji,ANYCOLOR,NIJISANJI EN,nijisanji:フィナーナ 竜宮,フィナーナ 竜宮,Finana Ryugu,#Finanart,finanart,fanart,Fan Art,https://hololist.net/finana-ryugu/,hololist,0.80,NIJISANJI official profile lacks fan-art hashtags; HoloList used as supplemental source
2026-05-30,nijisanji,ANYCOLOR,にじさんじ,nijisanji:フミ,フミ,Fumi,#恋フミ,恋フミ,fanart,Fan Art,https://hololist.net/fumi/,hololist,0.80,NIJISANJI official profile lacks fan-art hashtags; HoloList used as supplemental source
2026-05-30,nijisanji,ANYCOLOR,NIJISANJI EN,nijisanji:フリオドール,フリオドール,Freodore,#FreoChrome,freochrome,fanart,Fan Art,https://hololist.net/freodore/,hololist,0.80,NIJISANJI official profile lacks fan-art hashtags; HoloList used as supplemental source
2026-05-30,nijisanji,ANYCOLOR,にじさんじ,nijisanji:フレン・E・ルスタリオ,フレン・E・ルスタリオ,Furen E Lustario,#フレン見て,フレン見て,fanart,Fan Art,https://hololist.net/furen-e-lustario/,hololist,0.80,NIJISANJI official profile lacks fan-art hashtags; HoloList used as supplemental source
2026-05-30,nijisanji,ANYCOLOR,にじさんじ,nijisanji:ベルモンド・バンデラス,ベルモンド・バンデラス,Belmond Banderas,#デラスのお品書き,デラスのお品書き,fanart,Fan Art,https://hololist.net/belmond-banderas/,hololist,0.80,NIJISANJI official profile lacks fan-art hashtags; HoloList used as supplemental source
2026-05-30,nijisanji,ANYCOLOR,NIJISANJI EN,nijisanji:ベンタクロウ ブリンガー,ベンタクロウ ブリンガー,Vantacrow Bringer,#Vantalism,vantalism,fanart,Fan Art,https://hololist.net/vantacrow-bringer/,hololist,0.80,NIJISANJI official profile lacks fan-art hashtags; HoloList used as supplemental source
2026-05-30,nijisanji,ANYCOLOR,NIJISANJI EN,nijisanji:ペトラ グリン,ペトラ グリン,Petra Gurin,#PetraArt,petraart,fanart,Fan Art,https://hololist.net/petra-gurin/,hololist,0.80,NIJISANJI official profile lacks fan-art hashtags; HoloList used as supplemental source
2026-05-30,nijisanji,ANYCOLOR,NIJISANJI EN,nijisanji:マリア マリオネット,マリア マリオネット,Maria Marionette,#MariArt,mariart,fanart,Fan Art,https://hololist.net/maria-marionette/,hololist,0.80,NIJISANJI official profile lacks fan-art hashtags; HoloList used as supplemental source
2026-05-30,nijisanji,ANYCOLOR,にじさんじ,nijisanji:ミラン・ケストレル,ミラン・ケストレル,Milan Kestrel,#アトリエ・ミラン,アトリエ・ミラン,fanart,Fan Art,https://hololist.net/milan-kestrel/,hololist,0.80,NIJISANJI official profile lacks fan-art hashtags; HoloList used as supplemental source
2026-05-30,nijisanji,ANYCOLOR,NIJISANJI EN,nijisanji:ミリー・パフェ,ミリー・パフェ,Millie Parfait,#DrawMillie,drawmillie,fanart,Fan Art,https://hololist.net/millie-parfait/,hololist,0.80,NIJISANJI official profile lacks fan-art hashtags; HoloList used as supplemental source
2026-05-30,nijisanji,ANYCOLOR,にじさんじ,nijisanji:ミン スゥーハ,ミン スゥーハ,Min Suha,#suha_art,suha_art,fanart,Fan Art,https://hololist.net/min-suha/,hololist,0.80,NIJISANJI official profile lacks fan-art hashtags; HoloList used as supplemental source
2026-05-30,nijisanji,ANYCOLOR,にじさんじ,nijisanji:モイラ,モイラ,Moira,#もいもいらすと,もいもいらすと,fanart,Fan Art,https://hololist.net/moira/,hololist,0.80,NIJISANJI official profile lacks fan-art hashtags; HoloList used as supplemental source
2026-05-30,nijisanji,ANYCOLOR,にじさんじ,nijisanji:ヤン ナリ,ヤン ナリ,Yang Nari,#Nari_art,nari_art,fanart,Fan Art,https://hololist.net/yang-nari/,hololist,0.80,NIJISANJI official profile lacks fan-art hashtags; HoloList used as supplemental source
2026-05-30,nijisanji,ANYCOLOR,NIJISANJI EN,nijisanji:ユウ Q ウィルソン,ユウ Q ウィルソン,Yu Q. Wilson,#YuDrawWilson,yudrawwilson,fanart,Fan Art,https://hololist.net/yu-q-wilson/,hololist,0.80,NIJISANJI official profile lacks fan-art hashtags; HoloList used as supplemental source
2026-05-30,nijisanji,ANYCOLOR,にじさんじ,nijisanji:ライ ガリレイ,ライ ガリレイ,Rai Galilei,#Rai_Art,rai_art,fanart,Fan Art,https://hololist.net/rai-galilei/,hololist,0.80,NIJISANJI official profile lacks fan-art hashtags; HoloList used as supplemental source
2026-05-30,nijisanji,ANYCOLOR,にじさんじ,nijisanji:ライラ アルストロエメリア,ライラ アルストロエメリア,Layla Alstroemeria,#Layl_art,layl_art,fanart,Fan Art,https://hololist.net/layla-alstroemeria/,hololist,0.80,NIJISANJI official profile lacks fan-art hashtags; HoloList used as supplemental source
2026-05-30,nijisanji,ANYCOLOR,にじさんじ,nijisanji:ラトナ・プティ,ラトナ・プティ,Ratna Petit,#ラトアート,ラトアート,fanart,Fan Art,https://hololist.net/ratna-petit/,hololist,0.80,NIJISANJI official profile lacks fan-art hashtags; HoloList used as supplemental source
2026-05-30,nijisanji,ANYCOLOR,にじさんじ,nijisanji:リゼ・ヘルエスタ,リゼ・ヘルエスタ,Lize Helesta,#ヘル絵スタ,ヘル絵スタ,fanart,Fan Art,https://hololist.net/lize-helesta/,hololist,0.80,NIJISANJI official profile lacks fan-art hashtags; HoloList used as supplemental source
2026-05-30,nijisanji,ANYCOLOR,にじさんじ,nijisanji:リュ ハリ,リュ ハリ,Ryu Hari,#Hari_Art,hari_art,fanart,Fan Art,https://hololist.net/ryu-hari/,hololist,0.80,NIJISANJI official profile lacks fan-art hashtags; HoloList used as supplemental source
2026-05-30,nijisanji,ANYCOLOR,にじさんじ,nijisanji:ルイス・キャミー,ルイス・キャミー,Luis Cammy,#ルイスのコレクション,ルイスのコレクション,fanart,Fan Art,https://hololist.net/luis-cammy/,hololist,0.80,NIJISANJI official profile lacks fan-art hashtags; HoloList used as supplemental source
2026-05-30,nijisanji,ANYCOLOR,NIJISANJI EN,nijisanji:ルカ・カネシロ,ルカ・カネシロ,Luca Kaneshiro,#drawluca,drawluca,fanart,Fan Art,https://hololist.net/luca-kaneshiro/,hololist,0.80,NIJISANJI official profile lacks fan-art hashtags; HoloList used as supplemental source
2026-05-30,nijisanji,ANYCOLOR,にじさんじ,nijisanji:ルンルン,ルンルン,Lunlun,#るんるんびじちかん,るんるんびじちかん,fanart,Fan Art,https://hololist.net/lunlun/,hololist,0.80,NIJISANJI official profile lacks fan-art hashtags; HoloList used as supplemental source
2026-05-30,nijisanji,ANYCOLOR,にじさんじ,nijisanji:レイン・パターソン,レイン・パターソン,Lain Paterson,#レインの依頼書,レインの依頼書,fanart,Fan Art,https://hololist.net/lain-paterson/,hololist,0.80,NIJISANJI official profile lacks fan-art hashtags; HoloList used as supplemental source
2026-05-30,nijisanji,ANYCOLOR,にじさんじ,nijisanji:レオス・ヴィンセント,レオス・ヴィンセント,Leos Vincent,#まめねことレオス,まめねことレオス,fanart,Fan Art,https://hololist.net/leos-vincent/,hololist,0.80,NIJISANJI official profile lacks fan-art hashtags; HoloList used as supplemental source
2026-05-30,nijisanji,ANYCOLOR,にじさんじ,nijisanji:レヨン,レヨン,Rayon,#くレヨン,くレヨン,fanart,Fan Art,https://hololist.net/rayon/,hololist,0.80,NIJISANJI official profile lacks fan-art hashtags; HoloList used as supplemental source
2026-05-30,nijisanji,ANYCOLOR,NIJISANJI EN,nijisanji:レン ゾット,レン ゾット,Ren Zotto,#RenZottoArt,renzottoart,fanart,Fan Art,https://hololist.net/ren-zotto/,hololist,0.80,NIJISANJI official profile lacks fan-art hashtags; HoloList used as supplemental source
2026-05-30,nijisanji,ANYCOLOR,にじさんじ,nijisanji:レヴィ・エリファ,レヴィ・エリファ,Levi Elipha,#絵リファ,絵リファ,fanart,Fan Art,https://hololist.net/levi-elipha/,hololist,0.80,NIJISANJI official profile lacks fan-art hashtags; HoloList used as supplemental source
2026-05-30,nijisanji,ANYCOLOR,にじさんじ,nijisanji:ローレン・イロアス,ローレン・イロアス,Lauren Iroas,#イロ絵す,イロ絵す,fanart,Fan Art,https://hololist.net/lauren-iroas/,hololist,0.80,NIJISANJI official profile lacks fan-art hashtags; HoloList used as supplemental source
2026-05-30,nijisanji,ANYCOLOR,NIJISANJI EN,nijisanji:ヴェザリウス バンデージ,ヴェザリウス バンデージ,Vezalius Bandage,#zalillust,zalillust,fanart,Fan Art,https://hololist.net/vezalius-bandage/,hololist,0.80,NIJISANJI official profile lacks fan-art hashtags; HoloList used as supplemental source
2026-05-30,nijisanji,ANYCOLOR,NIJISANJI EN,nijisanji:ヴェール ヴァーミリオン,ヴェール ヴァーミリオン,Ver Vermillion,#LouVer,louver,fanart,Fan Art,https://hololist.net/ver-vermillion/,hololist,0.80,NIJISANJI official profile lacks fan-art hashtags; HoloList used as supplemental source
2026-05-30,nijisanji,ANYCOLOR,NIJISANJI EN,nijisanji:ヴォックス・アクマ,ヴォックス・アクマ,Vox Akuma,#Akurylic,akurylic,fanart,Fan Art,https://hololist.net/vox-akuma/,hololist,0.80,NIJISANJI official profile lacks fan-art hashtags; HoloList used as supplemental source
2026-05-30,nijisanji,ANYCOLOR,にじさんじ,nijisanji:一橋綾人,一橋綾人,Hitotsubashi Ayato,#図解ヒトツバシ,図解ヒトツバシ,fanart,Fan Art,https://hololist.net/hitotsubashi-ayato/,hololist,0.80,NIJISANJI official profile lacks fan-art hashtags; HoloList used as supplemental source
2026-05-30,nijisanji,ANYCOLOR,にじさんじ,nijisanji:七瀬すず菜,七瀬すず菜,Nanase Suzuna,#すずなあーと,すずなあーと,fanart,Fan Art,https://hololist.net/nanase-suzuna/,hololist,0.80,NIJISANJI official profile lacks fan-art hashtags; HoloList used as supplemental source
2026-05-30,nijisanji,ANYCOLOR,にじさんじ,nijisanji:三枝明那,三枝明那,Saegusa Akina,#さ絵ぐさ,さ絵ぐさ,fanart,Fan Art,https://hololist.net/saegusa-akina/,hololist,0.80,NIJISANJI official profile lacks fan-art hashtags; HoloList used as supplemental source
2026-05-30,nijisanji,ANYCOLOR,にじさんじ,nijisanji:不破湊,不破湊,Fuwa Minato,#絵スコート,絵スコート,fanart,Fan Art,https://hololist.net/fuwa-minato/,hololist,0.80,NIJISANJI official profile lacks fan-art hashtags; HoloList used as supplemental source
2026-05-30,nijisanji,ANYCOLOR,にじさんじ,nijisanji:九里詠太,九里詠太,Kuri Eita,#くりえいたーと,くりえいたーと,fanart,Fan Art,https://hololist.net/kuri-eita/,hololist,0.80,NIJISANJI official profile lacks fan-art hashtags; HoloList used as supplemental source
2026-05-30,nijisanji,ANYCOLOR,にじさんじ,nijisanji:五十嵐梨花,五十嵐梨花,Igarashi Rika,#絵画らしぃ,絵画らしぃ,fanart,Fan Art,https://hololist.net/igarashi-rika/,hololist,0.80,NIJISANJI official profile lacks fan-art hashtags; HoloList used as supplemental source
2026-05-30,nijisanji,ANYCOLOR,にじさんじ,nijisanji:五木左京,五木左京,Itsuki Sakyo,#五木社内報,五木社内報,fanart,Fan Art,https://hololist.net/itsuki-sakyo/,hololist,0.80,NIJISANJI official profile lacks fan-art hashtags; HoloList used as supplemental source
2026-05-30,nijisanji,ANYCOLOR,にじさんじ,nijisanji:伊波ライ,伊波ライ,Inami Rai,#絵ライぞ伊波,絵ライぞ伊波,fanart,Fan Art,https://hololist.net/inami-rai/,hololist,0.80,NIJISANJI official profile lacks fan-art hashtags; HoloList used as supplemental source
2026-05-30,nijisanji,ANYCOLOR,にじさんじ,nijisanji:伏見ガク,伏見ガク,Fushimi Gaku,#絵ガク,絵ガク,fanart,Fan Art,https://hololist.net/fushimi-gaku/,hololist,0.80,NIJISANJI official profile lacks fan-art hashtags; HoloList used as supplemental source
2026-05-30,nijisanji,ANYCOLOR,にじさんじ,nijisanji:佐伯イッテツ,佐伯イッテツ,Saiki Ittetsu,#サイキペイント,サイキペイント,fanart,Fan Art,https://hololist.net/saiki-ittetsu/,hololist,0.80,NIJISANJI official profile lacks fan-art hashtags; HoloList used as supplemental source
2026-05-30,nijisanji,ANYCOLOR,にじさんじ,nijisanji:倉持めると,倉持めると,Kuramochi Meruto,#もちめるあーと,もちめるあーと,fanart,Fan Art,https://hololist.net/kuramochi-meruto/,hololist,0.80,NIJISANJI official profile lacks fan-art hashtags; HoloList used as supplemental source
2026-05-30,nijisanji,ANYCOLOR,にじさんじ,nijisanji:健屋花那,健屋花那,Sukoya Kana,#いらすこや,いらすこや,fanart,Fan Art,https://hololist.net/sukoya-kana/,hololist,0.80,NIJISANJI official profile lacks fan-art hashtags; HoloList used as supplemental source
2026-05-30,nijisanji,ANYCOLOR,にじさんじ,nijisanji:先斗寧,先斗寧,Ponto Nei,#ぽんとれーと,ぽんとれーと,fanart,Fan Art,https://hololist.net/ponto-nei/,hololist,0.80,NIJISANJI official profile lacks fan-art hashtags; HoloList used as supplemental source
2026-05-30,nijisanji,ANYCOLOR,NIJISANJI EN,nijisanji:凉舞 バレンウォート,凉舞 バレンウォート,Ryoma Barrenwort,#RyomArt,ryomart,fanart,Fan Art,https://hololist.net/ryoma-barrenwort/,hololist,0.80,NIJISANJI official profile lacks fan-art hashtags; HoloList used as supplemental source
2026-05-30,nijisanji,ANYCOLOR,にじさんじ,nijisanji:剣持刀也,剣持刀也,Kenmochi Toya,#金剛力也像,金剛力也像,fanart,Fan Art,https://hololist.net/kenmochi-toya/,hololist,0.80,NIJISANJI official profile lacks fan-art hashtags; HoloList used as supplemental source
2026-05-30,nijisanji,ANYCOLOR,にじさんじ,nijisanji:加賀美ハヤト,加賀美ハヤト,Kagami Hayato,#加画美,加画美,fanart,Fan Art,https://hololist.net/kagami-hayato/,hololist,0.80,NIJISANJI official profile lacks fan-art hashtags; HoloList used as supplemental source
2026-05-30,nijisanji,ANYCOLOR,にじさんじ,nijisanji:北小路ヒスイ,北小路ヒスイ,Kitakoji Hisui,#ヒスイワークス,ヒスイワークス,fanart,Fan Art,https://hololist.net/kitakoji-hisui/,hololist,0.80,NIJISANJI official profile lacks fan-art hashtags; HoloList used as supplemental source
2026-05-30,nijisanji,ANYCOLOR,にじさんじ,nijisanji:北見遊征,北見遊征,Kitami Yusei,#きたみ描きたみ,きたみ描きたみ,fanart,Fan Art,https://hololist.net/kitami-yusei/,hololist,0.80,NIJISANJI official profile lacks fan-art hashtags; HoloList used as supplemental source
2026-05-30,nijisanji,ANYCOLOR,にじさんじ,nijisanji:十河ののは,十河ののは,Togawa Nonoha,#さらまんだぁーと,さらまんだぁーと,fanart,Fan Art,https://hololist.net/togawa-nonoha/,hololist,0.80,NIJISANJI official profile lacks fan-art hashtags; HoloList used as supplemental source
2026-05-30,nijisanji,ANYCOLOR,にじさんじ,nijisanji:千凛あゆむ,千凛あゆむ,Senri Ayumu,#あゆゆあーと,あゆゆあーと,fanart,Fan Art,https://hololist.net/senri-ayumu/,hololist,0.80,NIJISANJI official profile lacks fan-art hashtags; HoloList used as supplemental source
2026-05-30,nijisanji,ANYCOLOR,にじさんじ,nijisanji:卯月コウ,卯月コウ,Uzuki Kou,#絵画コウ,絵画コウ,fanart,Fan Art,https://hololist.net/uzuki-kou/,hololist,0.80,NIJISANJI official profile lacks fan-art hashtags; HoloList used as supplemental source
2026-05-30,nijisanji,ANYCOLOR,にじさんじ,nijisanji:叢雲カゲツ,叢雲カゲツ,Murakumo Kagetsu,#叢雲掲示板,叢雲掲示板,fanart,Fan Art,https://hololist.net/murakumo-kagetsu/,hololist,0.80,NIJISANJI official profile lacks fan-art hashtags; HoloList used as supplemental source
2026-05-30,nijisanji,ANYCOLOR,にじさんじ,nijisanji:叶,叶,Kanae,#密かな絵,密かな絵,fanart,Fan Art,https://hololist.net/kanae/,hololist,0.80,NIJISANJI official profile lacks fan-art hashtags; HoloList used as supplemental source
2026-05-30,nijisanji,ANYCOLOR,にじさんじ,nijisanji:司賀りこ,司賀りこ,Shiga Riko,#し画りこ,し画りこ,fanart,Fan Art,https://hololist.net/shiga-riko/,hololist,0.80,NIJISANJI official profile lacks fan-art hashtags; HoloList used as supplemental source
2026-05-30,nijisanji,ANYCOLOR,にじさんじ,nijisanji:周央サンゴ,周央サンゴ,Suo Sango,#描くンゴ,描くンゴ,fanart,Fan Art,https://hololist.net/suo-sango/,hololist,0.80,NIJISANJI official profile lacks fan-art hashtags; HoloList used as supplemental source
2026-05-30,nijisanji,ANYCOLOR,にじさんじ,nijisanji:四季凪アキラ,四季凪アキラ,Shikinagi Akira,#四季彩画,四季彩画,fanart,Fan Art,https://hololist.net/shikinagi-akira/,hololist,0.80,NIJISANJI official profile lacks fan-art hashtags; HoloList used as supplemental source
2026-05-30,nijisanji,ANYCOLOR,にじさんじ,nijisanji:城瀬いすみ,城瀬いすみ,Shirose Isumi,#シロ展示館,シロ展示館,fanart,Fan Art,https://hololist.net/shirose-isumi/,hololist,0.80,NIJISANJI official profile lacks fan-art hashtags; HoloList used as supplemental source
2026-05-30,nijisanji,ANYCOLOR,にじさんじ,nijisanji:塚原大地,塚原大地,Tsukahara Daichi,#つかはらーと,つかはらーと,fanart,Fan Art,https://hololist.net/tsukahara-daichi/,hololist,0.80,NIJISANJI official profile lacks fan-art hashtags; HoloList used as supplemental source
2026-05-30,nijisanji,ANYCOLOR,にじさんじ,nijisanji:壱百満天原サロメ,壱百満天原サロメ,Hyakumantenbara Salome,#サロメ百万展,サロメ百万展,fanart,Fan Art,https://hololist.net/hyakumantenbara-salome/,hololist,0.80,NIJISANJI official profile lacks fan-art hashtags; HoloList used as supplemental source
2026-05-30,nijisanji,ANYCOLOR,にじさんじ,nijisanji:夕陽リリ,夕陽リリ,Yuhi Riri,#りりあーと,りりあーと,fanart,Fan Art,https://hololist.net/yuhi-riri/,hololist,0.80,NIJISANJI official profile lacks fan-art hashtags; HoloList used as supplemental source
2026-05-30,nijisanji,ANYCOLOR,にじさんじ,nijisanji:夜牛詩乃,夜牛詩乃,Yagyu Shino,#描いてほしーの,描いてほしーの,fanart,Fan Art,https://hololist.net/yagyu-shino/,hololist,0.80,NIJISANJI official profile lacks fan-art hashtags; HoloList used as supplemental source
2026-05-30,nijisanji,ANYCOLOR,にじさんじ,nijisanji:夜見れな,夜見れな,Yorumi Rena,#れなの鳥っくあーと,れなの鳥っくあーと,fanart,Fan Art,https://hololist.net/yorumi-rena/,hololist,0.80,NIJISANJI official profile lacks fan-art hashtags; HoloList used as supplemental source
2026-05-30,nijisanji,ANYCOLOR,にじさんじ,nijisanji:夢月ロア,夢月ロア,Yuzuki Roa,#ロアート,ロアート,fanart,Fan Art,https://hololist.net/yuzuki-roa/,hololist,0.80,NIJISANJI official profile lacks fan-art hashtags; HoloList used as supplemental source
2026-05-30,nijisanji,ANYCOLOR,にじさんじ,nijisanji:夢追翔,夢追翔,Yumeoi Kakeru,#絵かける,絵かける,fanart,Fan Art,https://hololist.net/yumeoi-kakeru/,hololist,0.80,NIJISANJI official profile lacks fan-art hashtags; HoloList used as supplemental source
2026-05-30,nijisanji,ANYCOLOR,にじさんじ,nijisanji:天ヶ瀬むゆ,天ヶ瀬むゆ,Amagase Muyu,#むにゃーと,むにゃーと,fanart,Fan Art,https://hololist.net/amagase-muyu/,hololist,0.80,NIJISANJI official profile lacks fan-art hashtags; HoloList used as supplemental source
2026-05-30,nijisanji,ANYCOLOR,にじさんじ,nijisanji:天宮こころ,天宮こころ,Amamiya Kokoro,#絵こころ,絵こころ,fanart,Fan Art,https://hololist.net/amamiya-kokoro/,hololist,0.80,NIJISANJI official profile lacks fan-art hashtags; HoloList used as supplemental source
2026-05-30,nijisanji,ANYCOLOR,にじさんじ,nijisanji:宇佐美リト,宇佐美リト,Usami Rito,#ウサミアァァァァトゥ,ウサミアァァァァトゥ,fanart,legacy tag_niji.csv,tag_niji.csv,legacy_csv,0.60,legacy 2023-era local mapping; use only when HoloList tag is unavailable
2026-05-30,nijisanji,ANYCOLOR,にじさんじ,nijisanji:宇志海いちご,宇志海いちご,Ushimi Ichigo,#いちごのあとりえ,いちごのあとりえ,fanart,Fan Art,https://hololist.net/ushimi-ichigo/,hololist,0.80,NIJISANJI official profile lacks fan-art hashtags; HoloList used as supplemental source
2026-05-30,nijisanji,ANYCOLOR,にじさんじ,nijisanji:家長むぎ,家長むぎ,Ienaga Mugi,#むぎあーと,むぎあーと,fanart,Fan Art,https://hololist.net/ienaga-mugi/,hololist,0.80,NIJISANJI official profile lacks fan-art hashtags; HoloList used as supplemental source
2026-05-30,nijisanji,ANYCOLOR,にじさんじ,nijisanji:小々波いるか,小々波いるか,Kokonami Iruka,#いるかいたよ,いるかいたよ,fanart,Fan Art,https://hololist.net/kokonami-iruka/,hololist,0.80,NIJISANJI official profile lacks fan-art hashtags; HoloList used as supplemental source
2026-05-30,nijisanji,ANYCOLOR,にじさんじ,nijisanji:小柳ロウ,小柳ロウ,Koyanagi Rou,#ドロウイング,ドロウイング,fanart,Fan Art,https://hololist.net/koyanagi-rou/,hololist,0.80,NIJISANJI official profile lacks fan-art hashtags; HoloList used as supplemental source
2026-05-30,nijisanji,ANYCOLOR,にじさんじ,nijisanji:小清水透,小清水透,Koshimizu Toru,#泡色模様,泡色模様,fanart,Fan Art,https://hololist.net/koshimizu-toru/,hololist,0.80,NIJISANJI official profile lacks fan-art hashtags; HoloList used as supplemental source
2026-05-30,nijisanji,ANYCOLOR,にじさんじ,nijisanji:山神カルタ,山神カルタ,Yamagami Karuta,#カルタの絵札,カルタの絵札,fanart,Fan Art,https://hololist.net/yamagami-karuta/,hololist,0.80,NIJISANJI official profile lacks fan-art hashtags; HoloList used as supplemental source
2026-05-30,nijisanji,ANYCOLOR,にじさんじ,nijisanji:弦月藤士郎,弦月藤士郎,Genzuki Tojiro,#上弦画,上弦画,fanart,Fan Art,https://hololist.net/genzuki-tojiro/,hololist,0.80,NIJISANJI official profile lacks fan-art hashtags; HoloList used as supplemental source
2026-05-30,nijisanji,ANYCOLOR,にじさんじ,nijisanji:御子神琴音,御子神琴音,Mikogami Kotone,#絵になる琴音,絵になる琴音,fanart,Fan Art,https://hololist.net/mikogami-kotone/,hololist,0.80,NIJISANJI official profile lacks fan-art hashtags; HoloList used as supplemental source
2026-05-30,nijisanji,ANYCOLOR,にじさんじ,nijisanji:愛園愛美,愛園愛美,Aizono Manami,#愛美術館,愛美術館,fanart,Fan Art,https://hololist.net/aizono-manami/,hololist,0.80,NIJISANJI official profile lacks fan-art hashtags; HoloList used as supplemental source
2026-05-30,nijisanji,ANYCOLOR,にじさんじ,nijisanji:戌亥とこ,戌亥とこ,Inui Toko,#いぬいらすと,いぬいらすと,fanart,Fan Art,https://hololist.net/inui-toko/,hololist,0.80,NIJISANJI official profile lacks fan-art hashtags; HoloList used as supplemental source
2026-05-30,nijisanji,ANYCOLOR,にじさんじ,nijisanji:文野環,文野環,Fumino Tamaki,#のらねっこあら,のらねっこあら,fanart,Fan Art,https://hololist.net/fumino-tamaki/,hololist,0.80,NIJISANJI official profile lacks fan-art hashtags; HoloList used as supplemental source
2026-05-30,nijisanji,ANYCOLOR,にじさんじ,nijisanji:早乙女ベリー,早乙女ベリー,Saotome Berry,#さおと名画,さおと名画,fanart,Fan Art,https://hololist.net/saotome-berry/,hololist,0.80,NIJISANJI official profile lacks fan-art hashtags; HoloList used as supplemental source
2026-05-30,nijisanji,ANYCOLOR,にじさんじ,nijisanji:早瀬走,早瀬走,Hayase Sou,#描かれて走,描かれて走,fanart,Fan Art,https://hololist.net/hayase-sou/,hololist,0.80,NIJISANJI official profile lacks fan-art hashtags; HoloList used as supplemental source
2026-05-30,nijisanji,ANYCOLOR,にじさんじ,nijisanji:明楽レイ,明楽レイ,Akira Ray,#Ray_art,ray_art,fanart,Fan Art,https://hololist.net/akira-ray/,hololist,0.80,NIJISANJI official profile lacks fan-art hashtags; HoloList used as supplemental source
2026-05-30,nijisanji,ANYCOLOR,にじさんじ,nijisanji:星導ショウ,星導ショウ,Hoshirube Sho,#ショウゾウ画,ショウゾウ画,fanart,Fan Art,https://hololist.net/hoshirube-sho/,hololist,0.80,NIJISANJI official profile lacks fan-art hashtags; HoloList used as supplemental source
2026-05-30,nijisanji,ANYCOLOR,にじさんじ,nijisanji:星川サラ,星川サラ,Hoshikawa Sara,#サラ星図,サラ星図,fanart,Fan Art,https://hololist.net/hoshikawa-sara/,hololist,0.80,NIJISANJI official profile lacks fan-art hashtags; HoloList used as supplemental source
2026-05-30,nijisanji,ANYCOLOR,にじさんじ,nijisanji:春崎エアル,春崎エアル,Harusaki Air,#絵アル,絵アル,fanart,Fan Art,https://hololist.net/harusaki-air/,hololist,0.80,NIJISANJI official profile lacks fan-art hashtags; HoloList used as supplemental source
2026-05-30,nijisanji,ANYCOLOR,にじさんじ,nijisanji:月ノ美兎,月ノ美兎,Tsukino Mito,#みとあーと,みとあーと,fanart,Fan Art,https://hololist.net/tsukino-mito/,hololist,0.80,NIJISANJI official profile lacks fan-art hashtags; HoloList used as supplemental source
2026-05-30,nijisanji,ANYCOLOR,にじさんじ,nijisanji:本間ひまわり,本間ひまわり,Honma Himawari,#ひまあーと,ひまあーと,fanart,Fan Art,https://hololist.net/honma-himawari/,hololist,0.80,NIJISANJI official profile lacks fan-art hashtags; HoloList used as supplemental source
2026-05-30,nijisanji,ANYCOLOR,にじさんじ,nijisanji:来栖夏芽,来栖夏芽,Kurusu Natsume,#なつめぇ画,なつめぇ画,fanart,Fan Art,https://hololist.net/kurusu-natsume/,hololist,0.80,NIJISANJI official profile lacks fan-art hashtags; HoloList used as supplemental source
2026-05-30,nijisanji,ANYCOLOR,にじさんじ,nijisanji:東堂コハク,東堂コハク,Todo Kohaku,#画ハク,画ハク,fanart,Fan Art,https://hololist.net/todo-kohaku/,hololist,0.80,NIJISANJI official profile lacks fan-art hashtags; HoloList used as supplemental source
2026-05-30,nijisanji,ANYCOLOR,にじさんじ,nijisanji:栞葉るり,栞葉るり,Shioriha Ruri,#栞葉書,栞葉書,fanart,Fan Art,https://hololist.net/shioriha-ruri/,hololist,0.80,NIJISANJI official profile lacks fan-art hashtags; HoloList used as supplemental source
2026-05-30,nijisanji,ANYCOLOR,にじさんじ,nijisanji:桜凛月,桜凛月,Sakura Ritsuki,#リツキあーと,リツキあーと,fanart,Fan Art,https://hololist.net/sakura-ritsuki/,hololist,0.80,NIJISANJI official profile lacks fan-art hashtags; HoloList used as supplemental source
2026-05-30,nijisanji,ANYCOLOR,にじさんじ,nijisanji:梢桃音,梢桃音,Kozue Mone,#桃音画,桃音画,fanart,Fan Art,https://hololist.net/kozue-mone/,hololist,0.80,NIJISANJI official profile lacks fan-art hashtags; HoloList used as supplemental source
2026-05-30,nijisanji,ANYCOLOR,にじさんじ,nijisanji:森中花咲,森中花咲,Morinaka Kazaki,#森中びじゅつかん,森中びじゅつかん,fanart,Fan Art,https://hololist.net/morinaka-kazaki/,hololist,0.80,NIJISANJI official profile lacks fan-art hashtags; HoloList used as supplemental source
2026-05-30,nijisanji,ANYCOLOR,にじさんじ,nijisanji:椎名唯華,椎名唯華,Shiina Yuika,#しいなーと,しいなーと,fanart,Fan Art,https://hololist.net/shiina-yuika/,hololist,0.80,NIJISANJI official profile lacks fan-art hashtags; HoloList used as supplemental source
2026-05-30,nijisanji,ANYCOLOR,にじさんじ,nijisanji:榊ネス,榊ネス,Sakaki Ness,#ネスストリーム,ネスストリーム,fanart,Fan Art,https://hololist.net/sakaki-ness/,hololist,0.80,NIJISANJI official profile lacks fan-art hashtags; HoloList used as supplemental source
2026-05-30,nijisanji,ANYCOLOR,にじさんじ,nijisanji:樋口楓,樋口楓,Higuchi Kaede,#でろあーと,でろあーと,fanart,Fan Art,https://hololist.net/higuchi-kaede/,hololist,0.80,NIJISANJI official profile lacks fan-art hashtags; HoloList used as supplemental source
2026-05-30,nijisanji,ANYCOLOR,にじさんじ,nijisanji:水面まどか,水面まどか,Minamo Madoka,#みなものみなもと,みなものみなもと,fanart,Fan art,https://hololist.net/minamo-madoka/,hololist,0.80,NIJISANJI official profile lacks fan-art hashtags; HoloList used as supplemental source
2026-05-30,nijisanji,ANYCOLOR,NIJISANJI EN,nijisanji:浮奇・ヴィオレタ,浮奇・ヴィオレタ,Uki Violeta,#VioletAtelier,violetatelier,fanart,Fan Art,https://hololist.net/uki-violeta/,hololist,0.80,NIJISANJI official profile lacks fan-art hashtags; HoloList used as supplemental source
2026-05-30,nijisanji,ANYCOLOR,にじさんじ,nijisanji:海妹四葉,海妹四葉,Umise Yotsuha,#Yotsuh_Art,yotsuh_art,fanart,Fan Art,https://hololist.net/umise-yotsuha/,hololist,0.80,NIJISANJI official profile lacks fan-art hashtags; HoloList used as supplemental source
2026-05-30,nijisanji,ANYCOLOR,にじさんじ,nijisanji:渋谷ハジメ,渋谷ハジメ,Shibuya Hajime,#ピク渋,ピク渋,fanart,Fan Art,https://hololist.net/shibuya-hajime/,hololist,0.80,NIJISANJI official profile lacks fan-art hashtags; HoloList used as supplemental source
2026-05-30,nijisanji,ANYCOLOR,にじさんじ,nijisanji:渚トラウト,渚トラウト,Nagisa Trout,#渚ドロウト,渚ドロウト,fanart,Fan Art,https://hololist.net/nagisa-trout/,hololist,0.80,NIJISANJI official profile lacks fan-art hashtags; HoloList used as supplemental source
2026-05-30,nijisanji,ANYCOLOR,にじさんじ,nijisanji:渡会雲雀,渡会雲雀,Watarai Hibari,#わたらいらすと,わたらいらすと,fanart,legacy tag_niji.csv,tag_niji.csv,legacy_csv,0.60,legacy 2023-era local mapping; use only when HoloList tag is unavailable
2026-05-30,nijisanji,ANYCOLOR,にじさんじ,nijisanji:渡会雲雀,渡会雲雀,Watarai Hibari,#秘雀絵,秘雀絵,fanart,legacy tag_niji.csv,tag_niji.csv,legacy_csv,0.60,legacy 2023-era local mapping; use only when HoloList tag is unavailable
2026-05-30,nijisanji,ANYCOLOR,にじさんじ,nijisanji:物述有栖,物述有栖,Mononobe Alice,#有栖の絵本,有栖の絵本,fanart,Fan Art,https://hololist.net/mononobe-alice/,hololist,0.80,NIJISANJI official profile lacks fan-art hashtags; HoloList used as supplemental source
2026-05-30,nijisanji,ANYCOLOR,NIJISANJI EN,nijisanji:狂蘭 メロコ,狂蘭 メロコ,Meloco Kyoran,#Melocopic,melocopic,fanart,Fan Art,https://hololist.net/meloco-kyoran/,hololist,0.80,NIJISANJI official profile lacks fan-art hashtags; HoloList used as supplemental source
2026-05-30,nijisanji,ANYCOLOR,にじさんじ,nijisanji:猫屋敷美紅,猫屋敷美紅,Nekoyashiki Miku,#みくりえいてぃぶ,みくりえいてぃぶ,fanart,Fan Art,https://hololist.net/nekoyashiki-miku/,hololist,0.80,NIJISANJI official profile lacks fan-art hashtags; HoloList used as supplemental source
2026-05-30,nijisanji,ANYCOLOR,にじさんじ,nijisanji:獅子堂あかり,獅子堂あかり,Shishido Akari,#獅子どろーいんぐ,獅子どろーいんぐ,fanart,Fan Art,https://hololist.net/shishido-akari/,hololist,0.80,NIJISANJI official profile lacks fan-art hashtags; HoloList used as supplemental source
2026-05-30,nijisanji,ANYCOLOR,にじさんじ,nijisanji:珠乃井ナナ,珠乃井ナナ,Tamanoi Nana,#珠乃イラスト,珠乃イラスト,fanart,Fan Art,https://hololist.net/tamanoi-nana/,hololist,0.80,NIJISANJI official profile lacks fan-art hashtags; HoloList used as supplemental source
2026-05-30,nijisanji,ANYCOLOR,にじさんじ,nijisanji:甲斐田晴,甲斐田晴,Kaida Haru,#描いた晴,描いた晴,fanart,Fan Art,https://hololist.net/kaida-haru/,hololist,0.80,NIJISANJI official profile lacks fan-art hashtags; HoloList used as supplemental source
2026-05-30,nijisanji,ANYCOLOR,にじさんじ,nijisanji:男虎,男虎,Onotora,#屏風の虎,屏風の虎,fanart,Fan Art,https://hololist.net/onotora/,hololist,0.80,NIJISANJI official profile lacks fan-art hashtags; HoloList used as supplemental source
2026-05-30,nijisanji,ANYCOLOR,にじさんじ,nijisanji:町田ちま,町田ちま,Machita Chima,#描いてみまちた,描いてみまちた,fanart,Fan Art,https://hololist.net/machita-chima/,hololist,0.80,NIJISANJI official profile lacks fan-art hashtags; HoloList used as supplemental source
2026-05-30,nijisanji,ANYCOLOR,にじさんじ,nijisanji:白砂あやね,白砂あやね,Shirasa Ayane,#白砂美術館,白砂美術館,fanart,Fan art,https://hololist.net/shirasa-ayane/,hololist,0.80,NIJISANJI official profile lacks fan-art hashtags; HoloList used as supplemental source
2026-05-30,nijisanji,ANYCOLOR,にじさんじ,nijisanji:白雪巴,白雪巴,Shirayuki Tomoe,#巴絵,巴絵,fanart,Fan Art,https://hololist.net/shirayuki-tomoe/,hololist,0.80,NIJISANJI official profile lacks fan-art hashtags; HoloList used as supplemental source
2026-05-30,nijisanji,ANYCOLOR,にじさんじ,nijisanji:皇れお,皇れお,Sumeragi Reo,#す絵らぎ,す絵らぎ,fanart,Fan Art,https://hololist.net/sumeragi-reo/,hololist,0.80,NIJISANJI official profile lacks fan-art hashtags; HoloList used as supplemental source
2026-05-30,nijisanji,ANYCOLOR,にじさんじ,nijisanji:矢車りね,矢車りね,Yaguruma Rine,#りねの自由帳,りねの自由帳,fanart,Fan Art,https://hololist.net/yaguruma-rine/,hololist,0.80,NIJISANJI official profile lacks fan-art hashtags; HoloList used as supplemental source
2026-05-30,nijisanji,ANYCOLOR,にじさんじ,nijisanji:石神のぞみ,石神のぞみ,Ishigami Nozomi,#流石神絵師,流石神絵師,fanart,Fan Art,https://hololist.net/ishigami-nozomi/,hololist,0.80,NIJISANJI official profile lacks fan-art hashtags; HoloList used as supplemental source
2026-05-30,nijisanji,ANYCOLOR,にじさんじ,nijisanji:社築,社築,Yashiro Kizuku,#社築納品物,社築納品物,fanart,Fan Art,https://hololist.net/yashiro-kizuku/,hololist,0.80,NIJISANJI official profile lacks fan-art hashtags; HoloList used as supplemental source
2026-05-30,nijisanji,ANYCOLOR,にじさんじ,nijisanji:神田笑一,神田笑一,Kanda Shoichi,#クリ笑イト,クリ笑イト,fanart,Fan Art,https://hololist.net/kanda-shoichi/,hololist,0.80,NIJISANJI official profile lacks fan-art hashtags; HoloList used as supplemental source
2026-05-30,nijisanji,ANYCOLOR,にじさんじ,nijisanji:空星きらめ,空星きらめ,Sorahoshi Kirame,#きら名画,きら名画,fanart,Fan Art,https://hololist.net/sorahoshi-kirame/,hololist,0.80,NIJISANJI official profile lacks fan-art hashtags; HoloList used as supplemental source
2026-05-30,nijisanji,ANYCOLOR,にじさんじ,nijisanji:立伝都々,立伝都々,Tachitsute Toto,#はひふへポートレート,はひふへポートレート,fanart,Fan Art,https://hololist.net/tachitsute-toto/,hololist,0.80,NIJISANJI official profile lacks fan-art hashtags; HoloList used as supplemental source
2026-05-30,nijisanji,ANYCOLOR,にじさんじ,nijisanji:竜胆尊,竜胆尊,Rindou Mikoto,#尊絵巻,尊絵巻,fanart,Fan Art,https://hololist.net/rindou-mikoto/,hololist,0.80,NIJISANJI official profile lacks fan-art hashtags; HoloList used as supplemental source
2026-05-30,nijisanji,ANYCOLOR,にじさんじ,nijisanji:笹木咲,笹木咲,Sasaki Saku,#笹の絵,笹の絵,fanart,Fan Art,https://hololist.net/sasaki-saku/,hololist,0.80,NIJISANJI official profile lacks fan-art hashtags; HoloList used as supplemental source
2026-05-30,nijisanji,ANYCOLOR,にじさんじ,nijisanji:篠宮ゆの,篠宮ゆの,Shinomiya Yuno,#おれのゆの,おれのゆの,fanart,Fan Art,https://hololist.net/shinomiya-yuno/,hololist,0.80,NIJISANJI official profile lacks fan-art hashtags; HoloList used as supplemental source
2026-05-30,nijisanji,ANYCOLOR,にじさんじ,nijisanji:綺沙良,綺沙良,Kisara,#きさあるばむ,きさあるばむ,fanart,Fan Art tag,https://hololist.net/kisara/,hololist,0.80,NIJISANJI official profile lacks fan-art hashtags; HoloList used as supplemental source
2026-05-30,nijisanji,ANYCOLOR,にじさんじ,nijisanji:緋八マナ,緋八マナ,Hibachi Mana,#まな板にマナ居た,まな板にマナ居た,fanart,Fan Art,https://hololist.net/hibachi-mana/,hololist,0.80,NIJISANJI official profile lacks fan-art hashtags; HoloList used as supplemental source
2026-05-30,nijisanji,ANYCOLOR,にじさんじ,nijisanji:緑仙,緑仙,Ryushen,#緑仙はやく見ろ,緑仙はやく見ろ,fanart,Fan Art,https://hololist.net/ryushen/,hololist,0.80,NIJISANJI official profile lacks fan-art hashtags; HoloList used as supplemental source
2026-05-30,nijisanji,ANYCOLOR,にじさんじ,nijisanji:舞元啓介,舞元啓介,Maimoto Keisuke,#しら画,しら画,fanart,Fan Art,https://hololist.net/maimoto-keisuke/,hololist,0.80,NIJISANJI official profile lacks fan-art hashtags; HoloList used as supplemental source
2026-05-30,nijisanji,ANYCOLOR,にじさんじ,nijisanji:花畑チャイカ,花畑チャイカ,Hanabatake Chaika,#お花畑青空大写生大会,お花畑青空大写生大会,fanart,Fan Art,https://hololist.net/hanabatake-chaika/,hololist,0.80,NIJISANJI official profile lacks fan-art hashtags; HoloList used as supplemental source
2026-05-30,nijisanji,ANYCOLOR,にじさんじ,nijisanji:花籠つばさ,花籠つばさ,Hanakago Tsubasa,#放籠展示会,放籠展示会,fanart,Fan Art,https://hololist.net/hanakago-tsubasa/,hololist,0.80,NIJISANJI official profile lacks fan-art hashtags; HoloList used as supplemental source
2026-05-30,nijisanji,ANYCOLOR,にじさんじ,nijisanji:葉加瀬冬雪,葉加瀬冬雪,Hakase Fuyuki,#はかせレポート,はかせレポート,fanart,Fan Art,https://hololist.net/hakase-fuyuki/,hololist,0.80,NIJISANJI official profile lacks fan-art hashtags; HoloList used as supplemental source
2026-05-30,nijisanji,ANYCOLOR,にじさんじ,nijisanji:葉山舞鈴,葉山舞鈴,Hayama Marin,#舞鈴クラフト,舞鈴クラフト,fanart,Fan Art,https://hololist.net/hayama-marin/,hololist,0.80,NIJISANJI official profile lacks fan-art hashtags; HoloList used as supplemental source
2026-05-30,nijisanji,ANYCOLOR,にじさんじ,nijisanji:葛葉,葛葉,Kuzuha,#KuzuArt,kuzuart,fanart,Fan Art,https://hololist.net/kuzuha/,hololist,0.80,NIJISANJI official profile lacks fan-art hashtags; HoloList used as supplemental source
2026-05-30,nijisanji,ANYCOLOR,にじさんじ,nijisanji:蝸堂みかる,蝸堂みかる,Kadou Mikaru,##みかるん絵,みかるん絵,fanart,Fan Art,https://hololist.net/kadou-mikaru/,hololist,0.80,NIJISANJI official profile lacks fan-art hashtags; HoloList used as supplemental source
2026-05-30,nijisanji,ANYCOLOR,にじさんじ,nijisanji:西園チグサ,西園チグサ,Nishizono Chigusa,#ニシゾノート,ニシゾノート,fanart,Fan Art,https://hololist.net/nishizono-chigusa/,hololist,0.80,NIJISANJI official profile lacks fan-art hashtags; HoloList used as supplemental source
2026-05-30,nijisanji,ANYCOLOR,にじさんじ,nijisanji:語部紡,語部紡,Kataribe Tsumugu,#い絵ーい,い絵ーい,fanart,Fan Art,https://hololist.net/kataribe-tsumugu/,hololist,0.80,NIJISANJI official profile lacks fan-art hashtags; HoloList used as supplemental source
2026-05-30,nijisanji,ANYCOLOR,にじさんじ,nijisanji:赤城ウェン,赤城ウェン,Akagi Wen,#紙とウェン,紙とウェン,fanart,Fan Art,https://hololist.net/akagi-wen/,hololist,0.80,NIJISANJI official profile lacks fan-art hashtags; HoloList used as supplemental source
2026-05-30,nijisanji,ANYCOLOR,にじさんじ,nijisanji:赤羽葉子,赤羽葉子,Akabane Youko,#赤羽絵葉書,赤羽絵葉書,fanart,Fan Art,https://hololist.net/akabane-youko/,hololist,0.80,NIJISANJI official profile lacks fan-art hashtags; HoloList used as supplemental source
2026-05-30,nijisanji,ANYCOLOR,にじさんじ,nijisanji:轟京子,轟京子,Todoroki Kyoko,#クリエイツ轟京子,クリエイツ轟京子,fanart,Fan Art,https://hololist.net/todoroki-kyoko/,hololist,0.80,NIJISANJI official profile lacks fan-art hashtags; HoloList used as supplemental source
2026-05-30,nijisanji,ANYCOLOR,にじさんじ,nijisanji:酒寄颯馬,酒寄颯馬,Sakayori Soma,#そうまart,そうまart,fanart,Fan Art,https://hololist.net/sakayori-soma/,hololist,0.80,NIJISANJI official profile lacks fan-art hashtags; HoloList used as supplemental source
2026-05-30,nijisanji,ANYCOLOR,にじさんじ,nijisanji:鈴原るる,鈴原るる,Suzuhara Lulu,#るるのアトリエ,るるのアトリエ,fanart,Fan Art,https://hololist.net/suzuhara-lulu/,hololist,0.80,NIJISANJI official profile lacks fan-art hashtags; HoloList used as supplemental source
2026-05-30,nijisanji,ANYCOLOR,にじさんじ,nijisanji:鈴木勝,鈴木勝,Suzuki Masaru,#漆黒の水鏡,漆黒の水鏡,fanart,Fan Art,https://hololist.net/suzuki-masaru/,hololist,0.80,NIJISANJI official profile lacks fan-art hashtags; HoloList used as supplemental source
2026-05-30,nijisanji,ANYCOLOR,にじさんじ,nijisanji:鏑木ろこ,鏑木ろこ,Kaburaki Roco,#らくがきろこ,らくがきろこ,fanart,Fan Art,https://hololist.net/kaburaki-roco/,hololist,0.80,NIJISANJI official profile lacks fan-art hashtags; HoloList used as supplemental source
2026-05-30,nijisanji,ANYCOLOR,にじさんじ,nijisanji:長尾景,長尾景,Nagao Kei,#長尾百景,長尾百景,fanart,Fan Art,https://hololist.net/nagao-kei/,hololist,0.80,NIJISANJI official profile lacks fan-art hashtags; HoloList used as supplemental source
2026-05-30,nijisanji,ANYCOLOR,NIJISANJI EN,nijisanji:闇ノシュウ,闇ノシュウ,Shu Yamino,#YaminoArt,yaminoart,fanart,Fan Art,https://hololist.net/shu-yamino/,hololist,0.80,NIJISANJI official profile lacks fan-art hashtags; HoloList used as supplemental source
2026-05-30,nijisanji,ANYCOLOR,にじさんじ,nijisanji:雨森小夜,雨森小夜,Amemori Sayo,#雨森と美術,雨森と美術,fanart,Fan Art,https://hololist.net/amemori-sayo/,hololist,0.80,NIJISANJI official profile lacks fan-art hashtags; HoloList used as supplemental source
2026-05-30,nijisanji,ANYCOLOR,にじさんじ,nijisanji:雪城眞尋,雪城眞尋,Yukishiro Mahiro,#まひろあーと,まひろあーと,fanart,Fan Art,https://hololist.net/yukishiro-mahiro/,hololist,0.80,NIJISANJI official profile lacks fan-art hashtags; HoloList used as supplemental source
2026-05-30,nijisanji,ANYCOLOR,にじさんじ,nijisanji:雲母たまこ,雲母たまこ,Kirara Tamako,#たまこのーと,たまこのーと,fanart,Fan Art,https://hololist.net/kirara-tamako/,hololist,0.80,NIJISANJI official profile lacks fan-art hashtags; HoloList used as supplemental source
2026-05-30,nijisanji,ANYCOLOR,にじさんじ,nijisanji:静凛,静凛,Shizuka Rin,#凛Art,凛art,fanart,Fan Art,https://hololist.net/shizuka-rin/,hololist,0.80,NIJISANJI official profile lacks fan-art hashtags; HoloList used as supplemental source
2026-05-30,nijisanji,ANYCOLOR,にじさんじ,nijisanji:風楽奏斗,風楽奏斗,Fura Kanato,#ふうらーと,ふうらーと,fanart,Fan Art,https://hololist.net/fura-kanato/,hololist,0.80,NIJISANJI official profile lacks fan-art hashtags; HoloList used as supplemental source
2026-05-30,nijisanji,ANYCOLOR,にじさんじ,nijisanji:飛鳥ひな,飛鳥ひな,Asuka Hina,#ぴよあーと,ぴよあーと,fanart,Fan Art,https://hololist.net/asuka-hina/,hololist,0.80,NIJISANJI official profile lacks fan-art hashtags; HoloList used as supplemental source
2026-05-30,nijisanji,ANYCOLOR,にじさんじ,nijisanji:魁星,魁星,Kaisei,#かいせ絵,かいせ絵,fanart,Fan Art,https://hololist.net/kaisei/,hololist,0.80,NIJISANJI official profile lacks fan-art hashtags; HoloList used as supplemental source
2026-05-30,nijisanji,ANYCOLOR,にじさんじ,nijisanji:魔使マオ,魔使マオ,Matsukai Mao,#マオのお絵描き帳,マオのお絵描き帳,fanart,Fan Art,https://hololist.net/matsukai-mao/,hololist,0.80,NIJISANJI official profile lacks fan-art hashtags; HoloList used as supplemental source
2026-05-30,nijisanji,ANYCOLOR,にじさんじ,nijisanji:魔界ノりりむ,魔界ノりりむ,Makaino Ririmu,#りりむとおえかき,りりむとおえかき,fanart,Fan Art,https://hololist.net/makaino-ririmu/,hololist,0.80,NIJISANJI official profile lacks fan-art hashtags; HoloList used as supplemental source
2026-05-30,nijisanji,ANYCOLOR,にじさんじ,nijisanji:鷹宮リオン,鷹宮リオン,Takamiya Rion,#リオンあーと,リオンあーと,fanart,Fan Art,https://hololist.net/takamiya-rion/,hololist,0.80,NIJISANJI official profile lacks fan-art hashtags; HoloList used as supplemental source
2026-05-30,nijisanji,ANYCOLOR,にじさんじ,nijisanji:黒井しば,黒井しば,Kuroi Shiba,#しばのドッグタグ,しばのドッグタグ,fanart,Fan Art,https://hololist.net/kuroi-shiba/,hololist,0.80,NIJISANJI official profile lacks fan-art hashtags; HoloList used as supplemental source
