dataset_date,org,agency,affiliation,generation,talent_id,name,en_name,slug,active_status,profile_url,official_source_url,x_url,youtube_url,source
2026-05-30,hololive,COVER,holoAN,,hololive:井月みちる,井月みちる,Izuki Michiru,izuki-michiru,active_official,https://hololive.hololivepro.com/talents/izuki-michiru/,https://hololive.hololivepro.com/talents/,,https://www.youtube.com/@holoANroom?sub_confirmation=1,hololive_official_talents_page
2026-05-30,hololive,COVER,holoAN,,hololive:花園さやか,花園さやか,Hanazono Sayaka,hanazono-sayaka,active_official,https://hololive.hololivepro.com/talents/hanazono-sayaka/,https://hololive.hololivepro.com/talents/,,https://www.youtube.com/@holoANroom?sub_confirmation=1,hololive_official_talents_page
2026-05-30,hololive,COVER,holoAN,,hololive:風白ゆき,風白ゆき,Kazeshiro Yuki,kazeshiro-yuki,active_official,https://hololive.hololivepro.com/talents/kazeshiro-yuki/,https://hololive.hololivepro.com/talents/,,https://www.youtube.com/@holoANroom?sub_confirmation=1,hololive_official_talents_page
2026-05-30,hololive,COVER,hololive DEV_IS,ReGLOSS,hololive:一条莉々華,一条莉々華,Ichijou Ririka,ichijou-ririka,active_official,https://hololive.hololivepro.com/talents/ichijou-ririka/,https://hololive.hololivepro.com/talents/,https://twitter.com/ichijouririka,https://www.youtube.com/@IchijouRirika?sub_confirmation=1,hololive_official_talents_page
2026-05-30,hololive,COVER,hololive DEV_IS,ReGLOSS,hololive:儒烏風亭らでん,儒烏風亭らでん,Juufuutei Raden,juufuutei-raden,active_official,https://hololive.hololivepro.com/talents/juufuutei-raden/,https://hololive.hololivepro.com/talents/,https://twitter.com/juufuuteiraden,https://youtube.com/@JuufuuteiRaden?sub_confirmation=1,hololive_official_talents_page
2026-05-30,hololive,COVER,hololive DEV_IS,FLOW GLOW,hololive:水宮枢,水宮枢,Mizumiya Su,mizumiya-su,active_official,https://hololive.hololivepro.com/talents/mizumiya-su/,https://hololive.hololivepro.com/talents/,https://x.com/mizumiya_su,https://www.youtube.com/channel/UCjk2nKmHzgH5Xy-C5qYRd5A?sub_confirmation=1,hololive_official_talents_page
2026-05-30,hololive,COVER,hololive DEV_IS,FLOW GLOW,hololive:綺々羅々ヴィヴィ,綺々羅々ヴィヴィ,Kikirara Vivi,kikirara-vivi,active_official,https://hololive.hololivepro.com/talents/kikirara-vivi/,https://hololive.hololivepro.com/talents/,https://x.com/kikiraravivi,https://www.youtube.com/channel/UCGzTVXqMQHa4AgJVJIVvtDQ?sub_confirmation=1,hololive_official_talents_page
2026-05-30,hololive,COVER,hololive DEV_IS,FLOW GLOW,hololive:虎金妃笑虎,虎金妃笑虎,Koganei Niko,koganei-niko,active_official,https://hololive.hololivepro.com/talents/koganei-niko/,https://hololive.hololivepro.com/talents/,https://x.com/koganeiniko,https://www.youtube.com/channel/UCuI_opAVX6qbxZY-a-AxFuQ?sub_confirmation=1,hololive_official_talents_page
2026-05-30,hololive,COVER,hololive DEV_IS,FLOW GLOW,hololive:輪堂千速,輪堂千速,Rindo Chihaya,rindo-chihaya,active_official,https://hololive.hololivepro.com/talents/rindo-chihaya/,https://hololive.hololivepro.com/talents/,https://x.com/rindochihaya,https://www.youtube.com/channel/UCKMWFR6lAstLa7Vbf5dH7ig?sub_confirmation=1,hololive_official_talents_page
2026-05-30,hololive,COVER,hololive DEV_IS,ReGLOSS,hololive:轟はじめ,轟はじめ,Todoroki Hajime,todoroki-hajime,active_official,https://hololive.hololivepro.com/talents/todoroki-hajime/,https://hololive.hololivepro.com/talents/,https://twitter.com/todoroki_hajime,https://www.youtube.com/@TodorokiHajime?sub_confirmation=1,hololive_official_talents_page
2026-05-30,hololive,COVER,hololive DEV_IS,ReGLOSS,hololive:音乃瀬奏,音乃瀬奏,Otonose Kanade,otonose-kanade,active_official,https://hololive.hololivepro.com/talents/otonose-kanade/,https://hololive.hololivepro.com/talents/,https://twitter.com/otonosekanade,https://youtube.com/@OtonoseKanade?sub_confirmation=1,hololive_official_talents_page
2026-05-30,hololive,COVER,hololive DEV_IS,FLOW GLOW,hololive:響咲リオナ,響咲リオナ,Isaki Riona,isaki-riona,active_official,https://hololive.hololivepro.com/talents/isaki-riona/,https://hololive.hololivepro.com/talents/,https://x.com/isakiriona,https://www.youtube.com/channel/UC9LSiN9hXI55svYEBrrK-tw?sub_confirmation=1,hololive_official_talents_page
2026-05-30,hololive,COVER,ホロライブ,0期生,hololive:AZKi,AZKi,AZKi,azki,active_official,https://hololive.hololivepro.com/talents/azki/,https://hololive.hololivepro.com/talents/,https://twitter.com/AZKi_VDiVA,https://www.youtube.com/channel/UC0TXe_LYZ4scaW2XMyi5_kw?sub_confirmation=1,hololive_official_talents_page
2026-05-30,hololive,COVER,ホロライブ,0期生,hololive:さくらみこ,さくらみこ,Sakura Miko,sakuramiko,active_official,https://hololive.hololivepro.com/talents/sakuramiko/,https://hololive.hololivepro.com/talents/,https://twitter.com/sakuramiko35,https://www.youtube.com/channel/UC-hM6YJuNYVAmUWxeIr9FeA?sub_confirmation=1,hololive_official_talents_page
2026-05-30,hololive,COVER,ホロライブ,0期生,hololive:ときのそら,ときのそら,Tokino Sora,tokino-sora,active_official,https://hololive.hololivepro.com/talents/tokino-sora/,https://hololive.hololivepro.com/talents/,https://twitter.com/tokino_sora,https://www.youtube.com/channel/UCp6993wxpyDPHUpavwDFqgg?sub_confirmation=1,hololive_official_talents_page
2026-05-30,hololive,COVER,ホロライブ,1期生,hololive:アキ・ローゼンタール,アキ・ローゼンタール,Aki Rosenthal,aki-rosenthal,active_official,https://hololive.hololivepro.com/talents/aki-rosenthal/,https://hololive.hololivepro.com/talents/,https://twitter.com/akirosenthal,https://www.youtube.com/channel/UCFTLzh12_nrtzqBPsTCqenA?sub_confirmation=1,hololive_official_talents_page
2026-05-30,hololive,COVER,ホロライブ,秘密結社holoX,hololive:ラプラス・ダークネス,ラプラス・ダークネス,La+ Darknesss,la-darknesss,active_official,https://hololive.hololivepro.com/talents/la-darknesss/,https://hololive.hololivepro.com/talents/,https://twitter.com/LaplusDarknesss,https://www.youtube.com/channel/UCENwRMx5Yh42zWpzURebzTw?sub_confirmation=1,hololive_official_talents_page
2026-05-30,hololive,COVER,ホロライブ,0期生,hololive:ロボ子さん,ロボ子さん,Robocosan,roboco-san,active_official,https://hololive.hololivepro.com/talents/roboco-san/,https://hololive.hololivepro.com/talents/,https://twitter.com/robocosan,https://www.youtube.com/channel/UCDqI2jOz0weumE8s7paEk6g?sub_confirmation=1,hololive_official_talents_page
2026-05-30,hololive,COVER,ホロライブ,3期生,hololive:不知火フレア,不知火フレア,Shiranui Flare,shiranui-flare,active_official,https://hololive.hololivepro.com/talents/shiranui-flare/,https://hololive.hololivepro.com/talents/,https://twitter.com/shiranuiflare,https://www.youtube.com/channel/UCvInZx9h3jC2JzsIzoOebWg?sub_confirmation=1,hololive_official_talents_page
2026-05-30,hololive,COVER,ホロライブ,3期生,hololive:兎田ぺこら,兎田ぺこら,Usada Pekora,usada-pekora,active_official,https://hololive.hololivepro.com/talents/usada-pekora/,https://hololive.hololivepro.com/talents/,https://twitter.com/usadapekora,https://www.youtube.com/channel/UC1DCedRgGHBdm81E1llLhOQ?sub_confirmation=1,hololive_official_talents_page
2026-05-30,hololive,COVER,ホロライブ,秘密結社holoX,hololive:博衣こより,博衣こより,Hakui Koyori,hakui-koyori,active_official,https://hololive.hololivepro.com/talents/hakui-koyori/,https://hololive.hololivepro.com/talents/,https://twitter.com/hakuikoyori,https://www.youtube.com/channel/UC6eWCld0KwmyHFbAqK3V-Rw?sub_confirmation=1,hololive_official_talents_page
2026-05-30,hololive,COVER,ホロライブ,1期生,hololive:夏色まつり,夏色まつり,Natsuiro Matsuri,natsuiro-matsuri,active_official,https://hololive.hololivepro.com/talents/natsuiro-matsuri/,https://hololive.hololivepro.com/talents/,https://twitter.com/natsuiromatsuri,https://youtube.com/channel/UCQ0UDLQCjY0rmuxCDE38FGg?sub_confirmation=1,hololive_official_talents_page
2026-05-30,hololive,COVER,ホロライブ,ホロライブゲーマーズ,hololive:大神ミオ,大神ミオ,Ookami Mio,ookami-mio,active_official,https://hololive.hololivepro.com/talents/ookami-mio/,https://hololive.hololivepro.com/talents/,https://twitter.com/ookamimio,https://www.youtube.com/channel/UCp-5t9SrOQwXMU7iIjQfARg?sub_confirmation=1,hololive_official_talents_page
2026-05-30,hololive,COVER,ホロライブ,2期生,hololive:大空スバル,大空スバル,Oozora Subaru,oozora-subaru,active_official,https://hololive.hololivepro.com/talents/oozora-subaru/,https://hololive.hololivepro.com/talents/,https://twitter.com/oozorasubaru,https://www.youtube.com/channel/UCvzGlP9oQwU--Y0r9id_jnA?sub_confirmation=1,hololive_official_talents_page
2026-05-30,hololive,COVER,ホロライブ,4期生,hololive:姫森ルーナ,姫森ルーナ,Himemori Luna,himemori-luna,active_official,https://hololive.hololivepro.com/talents/himemori-luna/,https://hololive.hololivepro.com/talents/,https://twitter.com/himemoriluna,https://www.youtube.com/channel/UCa9Y57gfeY0Zro_noHRVrnw?sub_confirmation=1,hololive_official_talents_page
2026-05-30,hololive,COVER,ホロライブ,3期生,hololive:宝鐘マリン,宝鐘マリン,Houshou Marine,houshou-marine,active_official,https://hololive.hololivepro.com/talents/houshou-marine/,https://hololive.hololivepro.com/talents/,https://twitter.com/houshoumarine,https://www.youtube.com/channel/UCCzUftO8KOVkV4wQG1vkUvg?sub_confirmation=1,hololive_official_talents_page
2026-05-30,hololive,COVER,ホロライブ,5期生,hololive:尾丸ポルカ,尾丸ポルカ,Omaru Polka,omaru-polka,active_official,https://hololive.hololivepro.com/talents/omaru-polka/,https://hololive.hololivepro.com/talents/,https://twitter.com/omarupolka,https://www.youtube.com/channel/UCK9V2B22uJYu3N7eR_BT9QA?sub_confirmation=1,hololive_official_talents_page
2026-05-30,hololive,COVER,ホロライブ,4期生,hololive:常闇トワ,常闇トワ,Tokoyami Towa,tokoyami-towa,active_official,https://hololive.hololivepro.com/talents/tokoyami-towa/,https://hololive.hololivepro.com/talents/,https://twitter.com/tokoyamitowa,https://www.youtube.com/channel/UC1uv2Oq6kNxgATlCiez59hw?sub_confirmation=1,hololive_official_talents_page
2026-05-30,hololive,COVER,ホロライブ,ホロライブゲーマーズ,hololive:戌神ころね,戌神ころね,Inugami Korone,inugami-korone,active_official,https://hololive.hololivepro.com/talents/inugami-korone/,https://hololive.hololivepro.com/talents/,https://twitter.com/inugamikorone,https://www.youtube.com/channel/UChAnqc_AY5_I3Px5dig3X1Q?sub_confirmation=1,hololive_official_talents_page
2026-05-30,hololive,COVER,ホロライブ,0期生,hololive:星街すいせい,星街すいせい,Hoshimachi Suisei,hoshimachi-suisei,active_official,https://hololive.hololivepro.com/talents/hoshimachi-suisei/,https://hololive.hololivepro.com/talents/,https://twitter.com/suisei_hosimati,https://www.youtube.com/channel/UC5CwaMl1eIgY8h02uZw7u8A?sub_confirmation=1,hololive_official_talents_page
2026-05-30,hololive,COVER,ホロライブ,5期生,hololive:桃鈴ねね,桃鈴ねね,Momosuzu Nene,momosuzu-nene,active_official,https://hololive.hololivepro.com/talents/momosuzu-nene/,https://hololive.hololivepro.com/talents/,https://twitter.com/momosuzunene,https://www.youtube.com/channel/UCAWSyEs_Io8MtpY3m-zqILA?sub_confirmation=1,hololive_official_talents_page
2026-05-30,hololive,COVER,ホロライブ,秘密結社holoX,hololive:沙花叉クロヱ,沙花叉クロヱ,Sakamata Chloe,sakamata-chloe,streaming_ended,https://hololive.hololivepro.com/talents/sakamata-chloe/,https://hololive.hololivepro.com/talents/,https://twitter.com/sakamatachloe,https://www.youtube.com/channel/UCIBY1ollUsauvVi4hW4cumw?sub_confirmation=1,hololive_official_talents_page
2026-05-30,hololive,COVER,ホロライブ,ホロライブゲーマーズ,hololive:猫又おかゆ,猫又おかゆ,Nekomata Okayu,nekomata-okayu,active_official,https://hololive.hololivepro.com/talents/nekomata-okayu/,https://hololive.hololivepro.com/talents/,https://twitter.com/nekomataokayu,https://www.youtube.com/channel/UCvaTdHTWBGv3MKj3KVqJVCw?sub_confirmation=1,hololive_official_talents_page
2026-05-30,hololive,COVER,ホロライブ,5期生,hololive:獅白ぼたん,獅白ぼたん,Shishiro Botan,shishiro-botan,active_official,https://hololive.hololivepro.com/talents/shishiro-botan/,https://hololive.hololivepro.com/talents/,https://twitter.com/shishirobotan,https://www.youtube.com/channel/UCUKD-uaobj9jiqB-VXt71mA?sub_confirmation=1,hololive_official_talents_page
2026-05-30,hololive,COVER,ホロライブ,2期生,hololive:癒月ちょこ,癒月ちょこ,Yuzuki Choco,yuzuki-choco,active_official,https://hololive.hololivepro.com/talents/yuzuki-choco/,https://hololive.hololivepro.com/talents/,https://twitter.com/yuzukichococh,https://www.youtube.com/channel/UC1suqwovbL1kzsoaZgFZLKg?sub_confirmation=1,hololive_official_talents_page
2026-05-30,hololive,COVER,ホロライブ,1期生,hololive:白上フブキ,白上フブキ,Shirakami Fubuki,shirakami-fubuki,active_official,https://hololive.hololivepro.com/talents/shirakami-fubuki/,https://hololive.hololivepro.com/talents/,https://twitter.com/shirakamifubuki,https://www.youtube.com/channel/UCdn5BQ06XqgXoAxIhbqw5Rg?sub_confirmation=1,hololive_official_talents_page
2026-05-30,hololive,COVER,ホロライブ,3期生,hololive:白銀ノエル,白銀ノエル,Shirogane Noel,shirogane-noel,active_official,https://hololive.hololivepro.com/talents/shirogane-noel/,https://hololive.hololivepro.com/talents/,https://twitter.com/shiroganenoel,https://www.youtube.com/channel/UCdyqAaZDKHXg4Ahi7VENThQ?sub_confirmation=1,hololive_official_talents_page
2026-05-30,hololive,COVER,ホロライブ,2期生,hololive:百鬼あやめ,百鬼あやめ,Nakiri Ayame,nakiri-ayame,active_official,https://hololive.hololivepro.com/talents/nakiri-ayame/,https://hololive.hololivepro.com/talents/,https://twitter.com/nakiriayame,https://www.youtube.com/channel/UC7fk0CB07ly8oSl0aqKkqFg?sub_confirmation=1,hololive_official_talents_page
2026-05-30,hololive,COVER,ホロライブ,4期生,hololive:角巻わため,角巻わため,Tsunomaki Watame,tsunomaki-watame,active_official,https://hololive.hololivepro.com/talents/tsunomaki-watame/,https://hololive.hololivepro.com/talents/,https://twitter.com/tsunomakiwatame,https://www.youtube.com/channel/UCqm3BQLlJfvkTsX_hvm0UmA?sub_confirmation=1,hololive_official_talents_page
2026-05-30,hololive,COVER,ホロライブ,1期生,hololive:赤井はあと,赤井はあと,Akai Haato,akai-haato,active_official,https://hololive.hololivepro.com/talents/akai-haato/,https://hololive.hololivepro.com/talents/,https://twitter.com/akaihaato,https://www.youtube.com/channel/UC1CfXB_kRs3C-zaeTG3oGyg?sub_confirmation=1,hololive_official_talents_page
2026-05-30,hololive,COVER,ホロライブ,5期生,hololive:雪花ラミィ,雪花ラミィ,Yukihana Lamy,yukihana-lamy,active_official,https://hololive.hololivepro.com/talents/yukihana-lamy/,https://hololive.hololivepro.com/talents/,https://twitter.com/yukihanalamy,https://www.youtube.com/channel/UCFKOVgVbGmX65RxO3EtH3iw?sub_confirmation=1,hololive_official_talents_page
2026-05-30,hololive,COVER,ホロライブ,秘密結社holoX,hololive:風真いろは,風真いろは,Kazama Iroha,kazama-iroha,active_official,https://hololive.hololivepro.com/talents/kazama-iroha/,https://hololive.hololivepro.com/talents/,https://twitter.com/kazamairohach,https://www.youtube.com/channel/UC_vMYWcDjmfdpH6r4TTn1MQ?sub_confirmation=1,hololive_official_talents_page
2026-05-30,hololive,COVER,ホロライブ,秘密結社holoX,hololive:鷹嶺ルイ,鷹嶺ルイ,Takane Lui,takane-lui,active_official,https://hololive.hololivepro.com/talents/takane-lui/,https://hololive.hololivepro.com/talents/,https://twitter.com/takanelui,https://www.youtube.com/channel/UCs9_O1tRPMQTHQ-N_L6FU2g?sub_confirmation=1,hololive_official_talents_page
2026-05-30,hololive,COVER,ホロライブEnglish,Project: HOPE,hololive:IRyS,IRyS,IRyS,irys,active_official,https://hololive.hololivepro.com/talents/irys/,https://hololive.hololivepro.com/talents/,https://twitter.com/irys_en,https://www.youtube.com/channel/UC8rcEBzJSleTkf_-agPM20g?sub_confirmation=1,hololive_official_talents_page
2026-05-30,hololive,COVER,ホロライブEnglish,Justice,hololive:エリザベス・ローズ・ブラッドフレイム,エリザベス・ローズ・ブラッドフレイム,Elizabeth Rose Bloodflame,elizabeth-rose-bloodflame,active_official,https://hololive.hololivepro.com/talents/elizabeth-rose-bloodflame/,https://hololive.hololivepro.com/talents/,https://x.com/ERBloodflame,https://www.youtube.com/channel/UCW5uhrG1eCBYditmhL0Ykjw?sub_confirmation=1,hololive_official_talents_page
2026-05-30,hololive,COVER,ホロライブEnglish,Council,hololive:オーロ・クロニー,オーロ・クロニー,Ouro Kronii,ouro-kronii,active_official,https://hololive.hololivepro.com/talents/ouro-kronii/,https://hololive.hololivepro.com/talents/,https://twitter.com/ourokronii,https://www.youtube.com/channel/UCmbs8T6MWqUHP1tIQvSgKrg?sub_confirmation=1,hololive_official_talents_page
2026-05-30,hololive,COVER,ホロライブEnglish,Advent,hololive:シオリ・ノヴェラ,シオリ・ノヴェラ,Shiori Novella,shiori-novella,active_official,https://hololive.hololivepro.com/talents/shiori-novella/,https://hololive.hololivepro.com/talents/,https://twitter.com/shiorinovella,https://www.youtube.com/channel/UCgnfPPb9JI3e9A4cXHnWbyg?sub_confirmation=1,hololive_official_talents_page
2026-05-30,hololive,COVER,ホロライブEnglish,Justice,hololive:ジジ・ムリン,ジジ・ムリン,Gigi Murin,gigi-murin,active_official,https://hololive.hololivepro.com/talents/gigi-murin/,https://hololive.hololivepro.com/talents/,https://x.com/gigimurin,https://www.youtube.com/channel/UCDHABijvPBnJm7F-KlNME3w?sub_confirmation=1,hololive_official_talents_page
2026-05-30,hololive,COVER,ホロライブEnglish,Justice,hololive:セシリア・イマーグリーン,セシリア・イマーグリーン,Cecilia Immergreen,cecilia-immergreen,active_official,https://hololive.hololivepro.com/talents/cecilia-immergreen/,https://hololive.hololivepro.com/talents/,https://x.com/ceciliaimgreen,https://www.youtube.com/channel/UCvN5h1ShZtc7nly3pezRayg?sub_confirmation=1,hololive_official_talents_page
2026-05-30,hololive,COVER,ホロライブEnglish,Advent,hololive:ネリッサ・レイヴンクロフト,ネリッサ・レイヴンクロフト,Nerissa Ravencroft,nerissa-ravencroft,active_official,https://hololive.hololivepro.com/talents/nerissa-ravencroft/,https://hololive.hololivepro.com/talents/,https://twitter.com/nerissa_en,https://www.youtube.com/channel/UC_sFNM0z0MWm9A6WlKPuMMg?sub_confirmation=1,hololive_official_talents_page
2026-05-30,hololive,COVER,ホロライブEnglish,Council,hololive:ハコス・ベールズ,ハコス・ベールズ,Hakos Baelz,hakos-baelz,active_official,https://hololive.hololivepro.com/talents/hakos-baelz/,https://hololive.hololivepro.com/talents/,https://twitter.com/hakosbaelz,https://www.youtube.com/channel/UCgmPnx-EEeOrZSg5Tiw7ZRQ?sub_confirmation=1,hololive_official_talents_page
2026-05-30,hololive,COVER,ホロライブEnglish,Advent,hololive:フワワ・アビスガード,フワワ・アビスガード,Fuwawa Abyssgard,fuwawa-abyssgard,active_official,https://hololive.hololivepro.com/talents/fuwawa-abyssgard/,https://hololive.hololivepro.com/talents/,https://twitter.com/fuwamoco_en,https://www.youtube.com/channel/UCt9H_RpQzhxzlyBxFqrdHqA?sub_confirmation=1,hololive_official_talents_page
2026-05-30,hololive,COVER,ホロライブEnglish,Advent,hololive:モココ・アビスガード,モココ・アビスガード,Mococo Abyssgard,mococo-abyssgard,active_official,https://hololive.hololivepro.com/talents/mococo-abyssgard/,https://hololive.hololivepro.com/talents/,https://twitter.com/fuwamoco_en,https://www.youtube.com/channel/UCt9H_RpQzhxzlyBxFqrdHqA?sub_confirmation=1,hololive_official_talents_page
2026-05-30,hololive,COVER,ホロライブEnglish,Justice,hololive:ラオーラ・パンテーラ,ラオーラ・パンテーラ,Raora Panthera,raora-panthera,active_official,https://hololive.hololivepro.com/talents/raora-panthera/,https://hololive.hololivepro.com/talents/,https://x.com/raorapanthera,https://www.youtube.com/channel/UCl69AEx4MdqMZH7Jtsm7Tig?sub_confirmation=1,hololive_official_talents_page
2026-05-30,hololive,COVER,ホロライブEnglish,Myth,hololive:ワトソン・アメリア,ワトソン・アメリア,Watson Amelia,watson-amelia,streaming_ended,https://hololive.hololivepro.com/talents/watson-amelia/,https://hololive.hololivepro.com/talents/,https://twitter.com/watsonameliaEN,https://www.youtube.com/channel/UCyl1z3jo3XHR1riLFKG5UAg?sub_confirmation=1,hololive_official_talents_page
2026-05-30,hololive,COVER,ホロライブEnglish,Myth,hololive:一伊那尓栖,一伊那尓栖,Ninomae Ina'nis,ninomae-inanis,active_official,https://hololive.hololivepro.com/talents/ninomae-inanis/,https://hololive.hololivepro.com/talents/,https://twitter.com/ninomaeinanis,https://www.youtube.com/channel/UCMwGHR0BTZuLsmjY_NT5Pwg?sub_confirmation=1,hololive_official_talents_page
2026-05-30,hololive,COVER,ホロライブEnglish,Advent,hololive:古石ビジュー,古石ビジュー,Koseki Bijou,koseki-bijou,active_official,https://hololive.hololivepro.com/talents/koseki-bijou/,https://hololive.hololivepro.com/talents/,https://twitter.com/kosekibijou,https://www.youtube.com/channel/UC9p_lqQ0FEDz327Vgf5JwqA?sub_confirmation=1,hololive_official_talents_page
2026-05-30,hololive,COVER,ホロライブEnglish,Myth,hololive:小鳥遊キアラ,小鳥遊キアラ,Takanashi Kiara,takanashi-kiara,active_official,https://hololive.hololivepro.com/talents/takanashi-kiara/,https://hololive.hololivepro.com/talents/,https://twitter.com/takanashikiara,https://www.youtube.com/channel/UCHsx4Hqa-1ORjQTh9TYDhww?sub_confirmation=1,hololive_official_talents_page
2026-05-30,hololive,COVER,ホロライブEnglish,Myth,hololive:森カリオペ,森カリオペ,Mori Calliope,mori-calliope,active_official,https://hololive.hololivepro.com/talents/mori-calliope/,https://hololive.hololivepro.com/talents/,https://twitter.com/moricalliope,https://www.youtube.com/channel/UCL_qhgtOy0dy1Agp8vkySQg?sub_confirmation=1,hololive_official_talents_page
2026-05-30,hololive,COVER,ホロライブインドネシア,,hololive:こぼ・かなえる,こぼ・かなえる,Kobo Kanaeru,kobo-kanaeru,active_official,https://hololive.hololivepro.com/talents/kobo-kanaeru/,https://hololive.hololivepro.com/talents/,https://twitter.com/kobokanaeru,https://www.youtube.com/channel/UCjLEmnpCNeisMxy134KPwWw?sub_confirmation=1,hololive_official_talents_page
2026-05-30,hololive,COVER,ホロライブインドネシア,,hololive:アイラニ・イオフィフティーン,アイラニ・イオフィフティーン,Airani Iofifteen,airani-iofifteen,active_official,https://hololive.hololivepro.com/talents/airani-iofifteen/,https://hololive.hololivepro.com/talents/,https://twitter.com/airaniiofifteen,https://www.youtube.com/channel/UCAoy6rzhSf4ydcYjJw3WoVg?sub_confirmation=1,hololive_official_talents_page
2026-05-30,hololive,COVER,ホロライブインドネシア,,hololive:アユンダ・リス,アユンダ・リス,Ayunda Risu,ayunda-risu,active_official,https://hololive.hololivepro.com/talents/ayunda-risu/,https://hololive.hololivepro.com/talents/,https://twitter.com/ayunda_risu,https://www.youtube.com/channel/UCOyYb1c43VlX9rc_lT6NKQw?sub_confirmation=1,hololive_official_talents_page
2026-05-30,hololive,COVER,ホロライブインドネシア,,hololive:アーニャ・メルフィッサ,アーニャ・メルフィッサ,Anya Melfissa,anya-melfissa,active_official,https://hololive.hololivepro.com/talents/anya-melfissa/,https://hololive.hololivepro.com/talents/,https://twitter.com/anyamelfissa,https://www.youtube.com/channel/UC727SQYUvx5pDDGQpTICNWg?sub_confirmation=1,hololive_official_talents_page
2026-05-30,hololive,COVER,ホロライブインドネシア,,hololive:カエラ・コヴァルスキア,カエラ・コヴァルスキア,Kaela Kovalskia,kaela-kovalskia,active_official,https://hololive.hololivepro.com/talents/kaela-kovalskia/,https://hololive.hololivepro.com/talents/,https://twitter.com/kaelakovalskia,https://www.youtube.com/channel/UCZLZ8Jjx_RN2CXloOmgTHVg?sub_confirmation=1,hololive_official_talents_page
2026-05-30,hololive,COVER,ホロライブインドネシア,,hololive:クレイジー・オリー,クレイジー・オリー,Kureiji Ollie,kureiji-ollie,active_official,https://hololive.hololivepro.com/talents/kureiji-ollie/,https://hololive.hololivepro.com/talents/,https://twitter.com/kureijiollie,https://www.youtube.com/channel/UCYz_5n-uDuChHtLo7My1HnQ?sub_confirmation=1,hololive_official_talents_page
2026-05-30,hololive,COVER,ホロライブインドネシア,,hololive:パヴォリア・レイネ,パヴォリア・レイネ,Pavolia Reine,pavolia-reine,active_official,https://hololive.hololivepro.com/talents/pavolia-reine/,https://hololive.hololivepro.com/talents/,https://twitter.com/pavoliareine,https://www.youtube.com/channel/UChgTyjG-pdNvxxhdsXfHQ5Q?sub_confirmation=1,hololive_official_talents_page
2026-05-30,hololive,COVER,ホロライブインドネシア,,hololive:ベスティア・ゼータ,ベスティア・ゼータ,Vestia Zeta,vestia-zeta,active_official,https://hololive.hololivepro.com/talents/vestia-zeta/,https://hololive.hololivepro.com/talents/,https://twitter.com/vestiazeta,https://www.youtube.com/channel/UCTvHWSfBZgtxE4sILOaurIQ?sub_confirmation=1,hololive_official_talents_page
2026-05-30,hololive,COVER,ホロライブインドネシア,,hololive:ムーナ・ホシノヴァ,ムーナ・ホシノヴァ,Moona Hoshinova,moona-hoshinova,active_official,https://hololive.hololivepro.com/talents/moona-hoshinova/,https://hololive.hololivepro.com/talents/,https://twitter.com/moonahoshinova,https://www.youtube.com/channel/UCP0BspO_AMEe3aQqqpo89Dg?sub_confirmation=1,hololive_official_talents_page
2026-05-30,nijisanji,ANYCOLOR,NIJISANJI EN,,nijisanji:アイア アマレ,アイア アマレ,Aia Amare,aia-amare,active_official,https://www.nijisanji.jp/talents/l/aia-amare,https://www.nijisanji.jp/talents,,,nijisanji_official_allLivers
2026-05-30,nijisanji,ANYCOLOR,NIJISANJI EN,,nijisanji:アルバーン・ノックス,アルバーン・ノックス,Alban Knox,alban-knox,active_official,https://www.nijisanji.jp/talents/l/alban-knox,https://www.nijisanji.jp/talents,,,nijisanji_official_allLivers
2026-05-30,nijisanji,ANYCOLOR,NIJISANJI EN,,nijisanji:エナー・アールウェット,エナー・アールウェット,Enna Alouette,enna-alouette,active_official,https://www.nijisanji.jp/talents/l/enna-alouette,https://www.nijisanji.jp/talents,,,nijisanji_official_allLivers
2026-05-30,nijisanji,ANYCOLOR,NIJISANJI EN,,nijisanji:エリーラ ペンドラ,エリーラ ペンドラ,Elira Pendora,elira-pendora,active_official,https://www.nijisanji.jp/talents/l/elira-pendora,https://www.nijisanji.jp/talents,,,nijisanji_official_allLivers
2026-05-30,nijisanji,ANYCOLOR,NIJISANJI EN,,nijisanji:クララ チャームウッド,クララ チャームウッド,Klara Charmwood,klara-charmwood,active_official,https://www.nijisanji.jp/talents/l/klara-charmwood,https://www.nijisanji.jp/talents,,,nijisanji_official_allLivers
2026-05-30,nijisanji,ANYCOLOR,NIJISANJI EN,,nijisanji:クロード クローマーク,クロード クローマーク,Claude Clawmark,claude-clawmark,active_official,https://www.nijisanji.jp/talents/l/claude-clawmark,https://www.nijisanji.jp/talents,,,nijisanji_official_allLivers
2026-05-30,nijisanji,ANYCOLOR,NIJISANJI EN,,nijisanji:ケイリクス・デボネア,ケイリクス・デボネア,Kaelix Debonair,kaelix-debonair,active_official,https://www.nijisanji.jp/talents/l/kaelix-debonair,https://www.nijisanji.jp/talents,,,nijisanji_official_allLivers
2026-05-30,nijisanji,ANYCOLOR,NIJISANJI EN,,nijisanji:サニー・ブリスコー,サニー・ブリスコー,Sonny Brisko,sonny-brisko,active_official,https://www.nijisanji.jp/talents/l/sonny-brisko,https://www.nijisanji.jp/talents,,,nijisanji_official_allLivers
2026-05-30,nijisanji,ANYCOLOR,NIJISANJI EN,,nijisanji:ジール・ギンジョウカ,ジール・ギンジョウカ,Zeal Ginjoka,zeal-ginjoka,active_official,https://www.nijisanji.jp/talents/l/zeal-ginjoka,https://www.nijisanji.jp/talents,,,nijisanji_official_allLivers
2026-05-30,nijisanji,ANYCOLOR,NIJISANJI EN,,nijisanji:スカーレ ヨナグニ,スカーレ ヨナグニ,Scarle Yonaguni,scarle-yonaguni,active_official,https://www.nijisanji.jp/talents/l/scarle-yonaguni,https://www.nijisanji.jp/talents,,,nijisanji_official_allLivers
2026-05-30,nijisanji,ANYCOLOR,NIJISANJI EN,,nijisanji:セイブル,セイブル,Seible,seible,active_official,https://www.nijisanji.jp/talents/l/seible,https://www.nijisanji.jp/talents,,,nijisanji_official_allLivers
2026-05-30,nijisanji,ANYCOLOR,NIJISANJI EN,,nijisanji:ドッピオ ドロップサイト,ドッピオ ドロップサイト,Doppio Dropscythe,doppio-dropscythe,active_official,https://www.nijisanji.jp/talents/l/doppio-dropscythe,https://www.nijisanji.jp/talents,,,nijisanji_official_allLivers
2026-05-30,nijisanji,ANYCOLOR,NIJISANJI EN,,nijisanji:フィナーナ 竜宮,フィナーナ 竜宮,Finana Ryugu,finana-ryugu,active_official,https://www.nijisanji.jp/talents/l/finana-ryugu,https://www.nijisanji.jp/talents,,,nijisanji_official_allLivers
2026-05-30,nijisanji,ANYCOLOR,NIJISANJI EN,,nijisanji:フリオドール,フリオドール,Freodore,freodore,active_official,https://www.nijisanji.jp/talents/l/freodore,https://www.nijisanji.jp/talents,,,nijisanji_official_allLivers
2026-05-30,nijisanji,ANYCOLOR,NIJISANJI EN,,nijisanji:ベンタクロウ ブリンガー,ベンタクロウ ブリンガー,Vantacrow Bringer,vantacrow-bringer,active_official,https://www.nijisanji.jp/talents/l/vantacrow-bringer,https://www.nijisanji.jp/talents,,,nijisanji_official_allLivers
2026-05-30,nijisanji,ANYCOLOR,NIJISANJI EN,,nijisanji:ペトラ グリン,ペトラ グリン,Petra Gurin,petra-gurin,active_official,https://www.nijisanji.jp/talents/l/petra-gurin,https://www.nijisanji.jp/talents,,,nijisanji_official_allLivers
2026-05-30,nijisanji,ANYCOLOR,NIJISANJI EN,,nijisanji:マリア マリオネット,マリア マリオネット,Maria Marionette,maria-marionette,active_official,https://www.nijisanji.jp/talents/l/maria-marionette,https://www.nijisanji.jp/talents,,,nijisanji_official_allLivers
2026-05-30,nijisanji,ANYCOLOR,NIJISANJI EN,,nijisanji:ミリー・パフェ,ミリー・パフェ,Millie Parfait,millie-parfait,active_official,https://www.nijisanji.jp/talents/l/millie-parfait,https://www.nijisanji.jp/talents,,,nijisanji_official_allLivers
2026-05-30,nijisanji,ANYCOLOR,NIJISANJI EN,,nijisanji:ユウ Q ウィルソン,ユウ Q ウィルソン,Yu Q. Wilson,yu-q-wilson,active_official,https://www.nijisanji.jp/talents/l/yu-q-wilson,https://www.nijisanji.jp/talents,,,nijisanji_official_allLivers
2026-05-30,nijisanji,ANYCOLOR,NIJISANJI EN,,nijisanji:ルカ・カネシロ,ルカ・カネシロ,Luca Kaneshiro,luca-kaneshiro,active_official,https://www.nijisanji.jp/talents/l/luca-kaneshiro,https://www.nijisanji.jp/talents,,,nijisanji_official_allLivers
2026-05-30,nijisanji,ANYCOLOR,NIJISANJI EN,,nijisanji:レン ゾット,レン ゾット,Ren Zotto,ren-zotto,active_official,https://www.nijisanji.jp/talents/l/ren-zotto,https://www.nijisanji.jp/talents,,,nijisanji_official_allLivers
2026-05-30,nijisanji,ANYCOLOR,NIJISANJI EN,,nijisanji:ヴェザリウス バンデージ,ヴェザリウス バンデージ,Vezalius Bandage,vezalius-bandage,active_official,https://www.nijisanji.jp/talents/l/vezalius-bandage,https://www.nijisanji.jp/talents,,,nijisanji_official_allLivers
2026-05-30,nijisanji,ANYCOLOR,NIJISANJI EN,,nijisanji:ヴェール ヴァーミリオン,ヴェール ヴァーミリオン,Ver Vermillion,ver-vermillion,active_official,https://www.nijisanji.jp/talents/l/ver-vermillion,https://www.nijisanji.jp/talents,,,nijisanji_official_allLivers
2026-05-30,nijisanji,ANYCOLOR,NIJISANJI EN,,nijisanji:ヴォックス・アクマ,ヴォックス・アクマ,Vox Akuma,vox-akuma,active_official,https://www.nijisanji.jp/talents/l/vox-akuma,https://www.nijisanji.jp/talents,,,nijisanji_official_allLivers
2026-05-30,nijisanji,ANYCOLOR,NIJISANJI EN,,nijisanji:凉舞 バレンウォート,凉舞 バレンウォート,Ryoma Barrenwort,ryoma-barrenwort,active_official,https://www.nijisanji.jp/talents/l/ryoma-barrenwort,https://www.nijisanji.jp/talents,,,nijisanji_official_allLivers
2026-05-30,nijisanji,ANYCOLOR,NIJISANJI EN,,nijisanji:浮奇・ヴィオレタ,浮奇・ヴィオレタ,Uki Violeta,uki-violeta,active_official,https://www.nijisanji.jp/talents/l/uki-violeta,https://www.nijisanji.jp/talents,,,nijisanji_official_allLivers
2026-05-30,nijisanji,ANYCOLOR,NIJISANJI EN,,nijisanji:狂蘭 メロコ,狂蘭 メロコ,Meloco Kyoran,meloco-kyoran,active_official,https://www.nijisanji.jp/talents/l/meloco-kyoran,https://www.nijisanji.jp/talents,,,nijisanji_official_allLivers
2026-05-30,nijisanji,ANYCOLOR,NIJISANJI EN,,nijisanji:闇ノシュウ,闇ノシュウ,Shu Yamino,shu-yamino,active_official,https://www.nijisanji.jp/talents/l/shu-yamino,https://www.nijisanji.jp/talents,,,nijisanji_official_allLivers
2026-05-30,nijisanji,ANYCOLOR,にじさんじ,,nijisanji:Rei7,Rei7,Reina,reina,active_official,https://www.nijisanji.jp/talents/l/reina,https://www.nijisanji.jp/talents,,,nijisanji_official_allLivers
2026-05-30,nijisanji,ANYCOLOR,にじさんじ,,nijisanji:えま★おうがすと,えま★おうがすと,Emma August,emma-august,active_official,https://www.nijisanji.jp/talents/l/emma-august,https://www.nijisanji.jp/talents,,,nijisanji_official_allLivers
2026-05-30,nijisanji,ANYCOLOR,にじさんじ,,nijisanji:える,える,Elu,elu,active_official,https://www.nijisanji.jp/talents/l/elu,https://www.nijisanji.jp/talents,,,nijisanji_official_allLivers
2026-05-30,nijisanji,ANYCOLOR,にじさんじ,,nijisanji:でびでび・でびる,でびでび・でびる,Debidebi Debiru,debidebi-debiru,active_official,https://www.nijisanji.jp/talents/l/debidebi-debiru,https://www.nijisanji.jp/talents,,,nijisanji_official_allLivers
2026-05-30,nijisanji,ANYCOLOR,にじさんじ,,nijisanji:ましろ爻,ましろ爻,Mashiro Meme,meme-mashiro,active_official,https://www.nijisanji.jp/talents/l/meme-mashiro,https://www.nijisanji.jp/talents,,,nijisanji_official_allLivers
2026-05-30,nijisanji,ANYCOLOR,にじさんじ,,nijisanji:アルス・アルマル,アルス・アルマル,Ars Almal,ars-almal,active_official,https://www.nijisanji.jp/talents/l/ars-almal,https://www.nijisanji.jp/talents,,,nijisanji_official_allLivers
2026-05-30,nijisanji,ANYCOLOR,にじさんじ,,nijisanji:アンジュ・カトリーナ,アンジュ・カトリーナ,Ange Katrina,ange-katrina,active_official,https://www.nijisanji.jp/talents/l/ange-katrina,https://www.nijisanji.jp/talents,,,nijisanji_official_allLivers
2026-05-30,nijisanji,ANYCOLOR,にじさんじ,,nijisanji:イ ロハ,イ ロハ,Lee Roha,lee-roha,active_official,https://www.nijisanji.jp/talents/l/lee-roha,https://www.nijisanji.jp/talents,,,nijisanji_official_allLivers
2026-05-30,nijisanji,ANYCOLOR,にじさんじ,,nijisanji:イブラヒム,イブラヒム,Ibrahim,ibrahim,active_official,https://www.nijisanji.jp/talents/l/ibrahim,https://www.nijisanji.jp/talents,,,nijisanji_official_allLivers
2026-05-30,nijisanji,ANYCOLOR,にじさんじ,,nijisanji:エクス・アルビオ,エクス・アルビオ,Ex Albio,ex-albio,active_official,https://www.nijisanji.jp/talents/l/ex-albio,https://www.nijisanji.jp/talents,,,nijisanji_official_allLivers
2026-05-30,nijisanji,ANYCOLOR,にじさんじ,,nijisanji:エトナ クリムソン,エトナ クリムソン,Etna Crimson,etna-crimson,active_official,https://www.nijisanji.jp/talents/l/etna-crimson,https://www.nijisanji.jp/talents,,,nijisanji_official_allLivers
2026-05-30,nijisanji,ANYCOLOR,にじさんじ,,nijisanji:エリー・コニファー,エリー・コニファー,Eli Conifer,eli-conifer,active_official,https://www.nijisanji.jp/talents/l/eli-conifer,https://www.nijisanji.jp/talents,,,nijisanji_official_allLivers
2026-05-30,nijisanji,ANYCOLOR,にじさんじ,,nijisanji:オ ジユ,オ ジユ,Oh Jiyu,oh-jiyu,active_official,https://www.nijisanji.jp/talents/l/oh-jiyu,https://www.nijisanji.jp/talents,,,nijisanji_official_allLivers
2026-05-30,nijisanji,ANYCOLOR,にじさんじ,,nijisanji:オリバー・エバンス,オリバー・エバンス,Oliver Evans,oliver-evans,active_official,https://www.nijisanji.jp/talents/l/oliver-evans,https://www.nijisanji.jp/talents,,,nijisanji_official_allLivers
2026-05-30,nijisanji,ANYCOLOR,にじさんじ,,nijisanji:ガオン,ガオン,Gaon,gaon,active_official,https://www.nijisanji.jp/talents/l/gaon,https://www.nijisanji.jp/talents,,,nijisanji_official_allLivers
2026-05-30,nijisanji,ANYCOLOR,にじさんじ,,nijisanji:ギルザレンIII世,ギルザレンIII世,Gilzaren III,gilzaren-iii,active_official,https://www.nijisanji.jp/talents/l/gilzaren-iii,https://www.nijisanji.jp/talents,,,nijisanji_official_allLivers
2026-05-30,nijisanji,ANYCOLOR,にじさんじ,,nijisanji:シェリン・バーガンディ,シェリン・バーガンディ,Shellin Burgundy,shellin-burgundy,active_official,https://www.nijisanji.jp/talents/l/shellin-burgundy,https://www.nijisanji.jp/talents,,,nijisanji_official_allLivers
2026-05-30,nijisanji,ANYCOLOR,にじさんじ,,nijisanji:シスター・クレア,シスター・クレア,Sister Claire,sister-claire,active_official,https://www.nijisanji.jp/talents/l/sister-claire,https://www.nijisanji.jp/talents,,,nijisanji_official_allLivers
2026-05-30,nijisanji,ANYCOLOR,にじさんじ,,nijisanji:ジョー・力一,ジョー・力一,Joe Rikiichi,joe-rikiichi,active_official,https://www.nijisanji.jp/talents/l/joe-rikiichi,https://www.nijisanji.jp/talents,,,nijisanji_official_allLivers
2026-05-30,nijisanji,ANYCOLOR,にじさんじ,,nijisanji:セフィナ,セフィナ,Seffyna,seffyna,active_official,https://www.nijisanji.jp/talents/l/seffyna,https://www.nijisanji.jp/talents,,,nijisanji_official_allLivers
2026-05-30,nijisanji,ANYCOLOR,にじさんじ,,nijisanji:セラフ・ダズルガーデン,セラフ・ダズルガーデン,Seraph Dazzlegarden,seraph-dazzlegarden,active_official,https://www.nijisanji.jp/talents/l/seraph-dazzlegarden,https://www.nijisanji.jp/talents,,,nijisanji_official_allLivers
2026-05-30,nijisanji,ANYCOLOR,にじさんじ,,nijisanji:ソ ナギ,ソ ナギ,So Nagi,so-nagi,active_official,https://www.nijisanji.jp/talents/l/so-nagi,https://www.nijisanji.jp/talents,,,nijisanji_official_allLivers
2026-05-30,nijisanji,ANYCOLOR,にじさんじ,,nijisanji:ソフィア・ヴァレンタイン,ソフィア・ヴァレンタイン,Sophia Valentine,sophia-valentine,active_official,https://www.nijisanji.jp/talents/l/sophia-valentine,https://www.nijisanji.jp/talents,,,nijisanji_official_allLivers
2026-05-30,nijisanji,ANYCOLOR,にじさんじ,,nijisanji:デレム カド,デレム カド,Derem Kado,derem-kado,active_official,https://www.nijisanji.jp/talents/l/derem-kado,https://www.nijisanji.jp/talents,,,nijisanji_official_allLivers
2026-05-30,nijisanji,ANYCOLOR,にじさんじ,,nijisanji:ドーラ,ドーラ,Dola,dola,active_official,https://www.nijisanji.jp/talents/l/dola,https://www.nijisanji.jp/talents,,,nijisanji_official_allLivers
2026-05-30,nijisanji,ANYCOLOR,にじさんじ,,nijisanji:ナ セラ,ナ セラ,Na Sera,na-sera,active_official,https://www.nijisanji.jp/talents/l/na-sera,https://www.nijisanji.jp/talents,,,nijisanji_official_allLivers
2026-05-30,nijisanji,ANYCOLOR,にじさんじ,,nijisanji:ナギサ アルシニア,ナギサ アルシニア,Nagisa Arcinia,nagisa-arcinia,active_official,https://www.nijisanji.jp/talents/l/nagisa-arcinia,https://www.nijisanji.jp/talents,,,nijisanji_official_allLivers
2026-05-30,nijisanji,ANYCOLOR,にじさんじ,,nijisanji:ニュイ・ソシエール,ニュイ・ソシエール,Nui Sociere,nui-sociere,active_official,https://www.nijisanji.jp/talents/l/nui-sociere,https://www.nijisanji.jp/talents,,,nijisanji_official_allLivers
2026-05-30,nijisanji,ANYCOLOR,にじさんじ,,nijisanji:ハ ユン,ハ ユン,Ha Yun,ha-yun,active_official,https://www.nijisanji.jp/talents/l/ha-yun,https://www.nijisanji.jp/talents,,,nijisanji_official_allLivers
2026-05-30,nijisanji,ANYCOLOR,にじさんじ,,nijisanji:ハナ マキア,ハナ マキア,Hana Macchia,hana-macchia,active_official,https://www.nijisanji.jp/talents/l/hana-macchia,https://www.nijisanji.jp/talents,,,nijisanji_official_allLivers
2026-05-30,nijisanji,ANYCOLOR,にじさんじ,,nijisanji:フミ,フミ,Fumi,fumi,active_official,https://www.nijisanji.jp/talents/l/fumi,https://www.nijisanji.jp/talents,,,nijisanji_official_allLivers
2026-05-30,nijisanji,ANYCOLOR,にじさんじ,,nijisanji:フレン・E・ルスタリオ,フレン・E・ルスタリオ,Furen E Lustario,furen-e-lustario,active_official,https://www.nijisanji.jp/talents/l/furen-e-lustario,https://www.nijisanji.jp/talents,,,nijisanji_official_allLivers
2026-05-30,nijisanji,ANYCOLOR,にじさんじ,,nijisanji:ベルモンド・バンデラス,ベルモンド・バンデラス,Belmond Banderas,belmond-banderas,active_official,https://www.nijisanji.jp/talents/l/belmond-banderas,https://www.nijisanji.jp/talents,,,nijisanji_official_allLivers
2026-05-30,nijisanji,ANYCOLOR,にじさんじ,,nijisanji:ミラン・ケストレル,ミラン・ケストレル,Milan Kestrel,milan-kestrel,active_official,https://www.nijisanji.jp/talents/l/milan-kestrel,https://www.nijisanji.jp/talents,,,nijisanji_official_allLivers
2026-05-30,nijisanji,ANYCOLOR,にじさんじ,,nijisanji:ミン スゥーハ,ミン スゥーハ,Min Suha,min-suha,active_official,https://www.nijisanji.jp/talents/l/min-suha,https://www.nijisanji.jp/talents,,,nijisanji_official_allLivers
2026-05-30,nijisanji,ANYCOLOR,にじさんじ,,nijisanji:モイラ,モイラ,Moira,moira,active_official,https://www.nijisanji.jp/talents/l/moira,https://www.nijisanji.jp/talents,,,nijisanji_official_allLivers
2026-05-30,nijisanji,ANYCOLOR,にじさんじ,,nijisanji:ヤン ナリ,ヤン ナリ,Yang Nari,yang-nari,active_official,https://www.nijisanji.jp/talents/l/yang-nari,https://www.nijisanji.jp/talents,,,nijisanji_official_allLivers
2026-05-30,nijisanji,ANYCOLOR,にじさんじ,,nijisanji:ライ ガリレイ,ライ ガリレイ,Rai Galilei,rai-galilei,active_official,https://www.nijisanji.jp/talents/l/rai-galilei,https://www.nijisanji.jp/talents,,,nijisanji_official_allLivers
2026-05-30,nijisanji,ANYCOLOR,にじさんじ,,nijisanji:ライラ アルストロエメリア,ライラ アルストロエメリア,Layla Alstroemeria,layla-alstroemeria,active_official,https://www.nijisanji.jp/talents/l/layla-alstroemeria,https://www.nijisanji.jp/talents,,,nijisanji_official_allLivers
2026-05-30,nijisanji,ANYCOLOR,にじさんじ,,nijisanji:ラトナ・プティ,ラトナ・プティ,Ratna Petit,ratna-petit,active_official,https://www.nijisanji.jp/talents/l/ratna-petit,https://www.nijisanji.jp/talents,,,nijisanji_official_allLivers
2026-05-30,nijisanji,ANYCOLOR,にじさんじ,,nijisanji:リゼ・ヘルエスタ,リゼ・ヘルエスタ,Lize Helesta,lize-helesta,active_official,https://www.nijisanji.jp/talents/l/lize-helesta,https://www.nijisanji.jp/talents,,,nijisanji_official_allLivers
2026-05-30,nijisanji,ANYCOLOR,にじさんじ,,nijisanji:リュ ハリ,リュ ハリ,Ryu Hari,ryu-hari,active_official,https://www.nijisanji.jp/talents/l/ryu-hari,https://www.nijisanji.jp/talents,,,nijisanji_official_allLivers
2026-05-30,nijisanji,ANYCOLOR,にじさんじ,,nijisanji:ルイス・キャミー,ルイス・キャミー,Luis Cammy,luis-cammy,active_official,https://www.nijisanji.jp/talents/l/luis-cammy,https://www.nijisanji.jp/talents,,,nijisanji_official_allLivers
2026-05-30,nijisanji,ANYCOLOR,にじさんじ,,nijisanji:ルンルン,ルンルン,Lunlun,lunlun,active_official,https://www.nijisanji.jp/talents/l/lunlun,https://www.nijisanji.jp/talents,,,nijisanji_official_allLivers
2026-05-30,nijisanji,ANYCOLOR,にじさんじ,,nijisanji:レイン・パターソン,レイン・パターソン,Lain Paterson,lain-paterson,active_official,https://www.nijisanji.jp/talents/l/lain-paterson,https://www.nijisanji.jp/talents,,,nijisanji_official_allLivers
2026-05-30,nijisanji,ANYCOLOR,にじさんじ,,nijisanji:レオス・ヴィンセント,レオス・ヴィンセント,Leos Vincent,leos-vincent,active_official,https://www.nijisanji.jp/talents/l/leos-vincent,https://www.nijisanji.jp/talents,,,nijisanji_official_allLivers
2026-05-30,nijisanji,ANYCOLOR,にじさんじ,,nijisanji:レヨン,レヨン,Rayon,rayon,active_official,https://www.nijisanji.jp/talents/l/rayon,https://www.nijisanji.jp/talents,,,nijisanji_official_allLivers
2026-05-30,nijisanji,ANYCOLOR,にじさんじ,,nijisanji:レヴィ・エリファ,レヴィ・エリファ,Levi Elipha,levi-elipha,active_official,https://www.nijisanji.jp/talents/l/levi-elipha,https://www.nijisanji.jp/talents,,,nijisanji_official_allLivers
2026-05-30,nijisanji,ANYCOLOR,にじさんじ,,nijisanji:ローレン・イロアス,ローレン・イロアス,Lauren Iroas,lauren-iroas,active_official,https://www.nijisanji.jp/talents/l/lauren-iroas,https://www.nijisanji.jp/talents,,,nijisanji_official_allLivers
2026-05-30,nijisanji,ANYCOLOR,にじさんじ,,nijisanji:一橋綾人,一橋綾人,Hitotsubashi Ayato,ayato-hitotsubashi,active_official,https://www.nijisanji.jp/talents/l/ayato-hitotsubashi,https://www.nijisanji.jp/talents,,,nijisanji_official_allLivers
2026-05-30,nijisanji,ANYCOLOR,にじさんじ,,nijisanji:七瀬すず菜,七瀬すず菜,Nanase Suzuna,suzuna-nanase,active_official,https://www.nijisanji.jp/talents/l/suzuna-nanase,https://www.nijisanji.jp/talents,,,nijisanji_official_allLivers
2026-05-30,nijisanji,ANYCOLOR,にじさんじ,,nijisanji:三枝明那,三枝明那,Saegusa Akina,akina-saegusa,active_official,https://www.nijisanji.jp/talents/l/akina-saegusa,https://www.nijisanji.jp/talents,,,nijisanji_official_allLivers
2026-05-30,nijisanji,ANYCOLOR,にじさんじ,,nijisanji:不破湊,不破湊,Fuwa Minato,minato-fuwa,active_official,https://www.nijisanji.jp/talents/l/minato-fuwa,https://www.nijisanji.jp/talents,,,nijisanji_official_allLivers
2026-05-30,nijisanji,ANYCOLOR,にじさんじ,,nijisanji:九里詠太,九里詠太,Kuri Eita,eita-kuri,active_official,https://www.nijisanji.jp/talents/l/eita-kuri,https://www.nijisanji.jp/talents,,,nijisanji_official_allLivers
2026-05-30,nijisanji,ANYCOLOR,にじさんじ,,nijisanji:五十嵐梨花,五十嵐梨花,Igarashi Rika,rika-igarashi,active_official,https://www.nijisanji.jp/talents/l/rika-igarashi,https://www.nijisanji.jp/talents,,,nijisanji_official_allLivers
2026-05-30,nijisanji,ANYCOLOR,にじさんじ,,nijisanji:五木左京,五木左京,Itsuki Sakyo,sakyo-itsuki,active_official,https://www.nijisanji.jp/talents/l/sakyo-itsuki,https://www.nijisanji.jp/talents,,,nijisanji_official_allLivers
2026-05-30,nijisanji,ANYCOLOR,にじさんじ,,nijisanji:伊波ライ,伊波ライ,Inami Rai,rai-inami,active_official,https://www.nijisanji.jp/talents/l/rai-inami,https://www.nijisanji.jp/talents,,,nijisanji_official_allLivers
2026-05-30,nijisanji,ANYCOLOR,にじさんじ,,nijisanji:伏見ガク,伏見ガク,Fushimi Gaku,gaku-fushimi,active_official,https://www.nijisanji.jp/talents/l/gaku-fushimi,https://www.nijisanji.jp/talents,,,nijisanji_official_allLivers
2026-05-30,nijisanji,ANYCOLOR,にじさんじ,,nijisanji:佐伯イッテツ,佐伯イッテツ,Saiki Ittetsu,ittetsu-saiki,active_official,https://www.nijisanji.jp/talents/l/ittetsu-saiki,https://www.nijisanji.jp/talents,,,nijisanji_official_allLivers
2026-05-30,nijisanji,ANYCOLOR,にじさんじ,,nijisanji:倉持めると,倉持めると,Kuramochi Meruto,meruto-kuramochi,active_official,https://www.nijisanji.jp/talents/l/meruto-kuramochi,https://www.nijisanji.jp/talents,,,nijisanji_official_allLivers
2026-05-30,nijisanji,ANYCOLOR,にじさんじ,,nijisanji:健屋花那,健屋花那,Sukoya Kana,kana-sukoya,active_official,https://www.nijisanji.jp/talents/l/kana-sukoya,https://www.nijisanji.jp/talents,,,nijisanji_official_allLivers
2026-05-30,nijisanji,ANYCOLOR,にじさんじ,,nijisanji:先斗寧,先斗寧,Ponto Nei,nei-ponto,active_official,https://www.nijisanji.jp/talents/l/nei-ponto,https://www.nijisanji.jp/talents,,,nijisanji_official_allLivers
2026-05-30,nijisanji,ANYCOLOR,にじさんじ,,nijisanji:剣持刀也,剣持刀也,Kenmochi Toya,toya-kenmochi,active_official,https://www.nijisanji.jp/talents/l/toya-kenmochi,https://www.nijisanji.jp/talents,,,nijisanji_official_allLivers
2026-05-30,nijisanji,ANYCOLOR,にじさんじ,,nijisanji:加賀美ハヤト,加賀美ハヤト,Kagami Hayato,hayato-kagami,active_official,https://www.nijisanji.jp/talents/l/hayato-kagami,https://www.nijisanji.jp/talents,,,nijisanji_official_allLivers
2026-05-30,nijisanji,ANYCOLOR,にじさんじ,,nijisanji:北小路ヒスイ,北小路ヒスイ,Kitakoji Hisui,hisui-kitakoji,active_official,https://www.nijisanji.jp/talents/l/hisui-kitakoji,https://www.nijisanji.jp/talents,,,nijisanji_official_allLivers
2026-05-30,nijisanji,ANYCOLOR,にじさんじ,,nijisanji:北見遊征,北見遊征,Kitami Yusei,yusei-kitami,active_official,https://www.nijisanji.jp/talents/l/yusei-kitami,https://www.nijisanji.jp/talents,,,nijisanji_official_allLivers
2026-05-30,nijisanji,ANYCOLOR,にじさんじ,,nijisanji:十河ののは,十河ののは,Togawa Nonoha,nonoha-togawa,active_official,https://www.nijisanji.jp/talents/l/nonoha-togawa,https://www.nijisanji.jp/talents,,,nijisanji_official_allLivers
2026-05-30,nijisanji,ANYCOLOR,にじさんじ,,nijisanji:千凛あゆむ,千凛あゆむ,Senri Ayumu,ayumu-senri,active_official,https://www.nijisanji.jp/talents/l/ayumu-senri,https://www.nijisanji.jp/talents,,,nijisanji_official_allLivers
2026-05-30,nijisanji,ANYCOLOR,にじさんじ,,nijisanji:卯月コウ,卯月コウ,Uzuki Kou,kou-uzuki,active_official,https://www.nijisanji.jp/talents/l/kou-uzuki,https://www.nijisanji.jp/talents,,,nijisanji_official_allLivers
2026-05-30,nijisanji,ANYCOLOR,にじさんじ,,nijisanji:叢雲カゲツ,叢雲カゲツ,Murakumo Kagetsu,kagetsu-murakumo,active_official,https://www.nijisanji.jp/talents/l/kagetsu-murakumo,https://www.nijisanji.jp/talents,,,nijisanji_official_allLivers
2026-05-30,nijisanji,ANYCOLOR,にじさんじ,,nijisanji:叶,叶,Kanae,kanae,active_official,https://www.nijisanji.jp/talents/l/kanae,https://www.nijisanji.jp/talents,,,nijisanji_official_allLivers
2026-05-30,nijisanji,ANYCOLOR,にじさんじ,,nijisanji:司賀りこ,司賀りこ,Shiga Riko,riko-shiga,active_official,https://www.nijisanji.jp/talents/l/riko-shiga,https://www.nijisanji.jp/talents,,,nijisanji_official_allLivers
2026-05-30,nijisanji,ANYCOLOR,にじさんじ,,nijisanji:周央サンゴ,周央サンゴ,Suo Sango,sango-suo,active_official,https://www.nijisanji.jp/talents/l/sango-suo,https://www.nijisanji.jp/talents,,,nijisanji_official_allLivers
2026-05-30,nijisanji,ANYCOLOR,にじさんじ,,nijisanji:四季凪アキラ,四季凪アキラ,Shikinagi Akira,akira-shikinagi,active_official,https://www.nijisanji.jp/talents/l/akira-shikinagi,https://www.nijisanji.jp/talents,,,nijisanji_official_allLivers
2026-05-30,nijisanji,ANYCOLOR,にじさんじ,,nijisanji:城瀬いすみ,城瀬いすみ,Shirose Isumi,isumi-shirose,active_official,https://www.nijisanji.jp/talents/l/isumi-shirose,https://www.nijisanji.jp/talents,,,nijisanji_official_allLivers
2026-05-30,nijisanji,ANYCOLOR,にじさんじ,,nijisanji:塚原大地,塚原大地,Tsukahara Daichi,daichi-tsukahara,active_official,https://www.nijisanji.jp/talents/l/daichi-tsukahara,https://www.nijisanji.jp/talents,,,nijisanji_official_allLivers
2026-05-30,nijisanji,ANYCOLOR,にじさんじ,,nijisanji:壱百満天原サロメ,壱百満天原サロメ,Hyakumantenbara Salome,salome-hyakumantenbara,active_official,https://www.nijisanji.jp/talents/l/salome-hyakumantenbara,https://www.nijisanji.jp/talents,,,nijisanji_official_allLivers
2026-05-30,nijisanji,ANYCOLOR,にじさんじ,,nijisanji:夕陽リリ,夕陽リリ,Yuhi Riri,riri-yuhi,active_official,https://www.nijisanji.jp/talents/l/riri-yuhi,https://www.nijisanji.jp/talents,,,nijisanji_official_allLivers
2026-05-30,nijisanji,ANYCOLOR,にじさんじ,,nijisanji:夜牛詩乃,夜牛詩乃,Yagyu Shino,shino-yagyu,active_official,https://www.nijisanji.jp/talents/l/shino-yagyu,https://www.nijisanji.jp/talents,,,nijisanji_official_allLivers
2026-05-30,nijisanji,ANYCOLOR,にじさんじ,,nijisanji:夜見れな,夜見れな,Yorumi Rena,rena-yorumi,active_official,https://www.nijisanji.jp/talents/l/rena-yorumi,https://www.nijisanji.jp/talents,,,nijisanji_official_allLivers
2026-05-30,nijisanji,ANYCOLOR,にじさんじ,,nijisanji:夢月ロア,夢月ロア,Yuzuki Roa,roa-yuzuki,active_official,https://www.nijisanji.jp/talents/l/roa-yuzuki,https://www.nijisanji.jp/talents,,,nijisanji_official_allLivers
2026-05-30,nijisanji,ANYCOLOR,にじさんじ,,nijisanji:夢追翔,夢追翔,Yumeoi Kakeru,kakeru-yumeoi,active_official,https://www.nijisanji.jp/talents/l/kakeru-yumeoi,https://www.nijisanji.jp/talents,,,nijisanji_official_allLivers
2026-05-30,nijisanji,ANYCOLOR,にじさんじ,,nijisanji:天ヶ瀬むゆ,天ヶ瀬むゆ,Amagase Muyu,muyu-amagase,active_official,https://www.nijisanji.jp/talents/l/muyu-amagase,https://www.nijisanji.jp/talents,,,nijisanji_official_allLivers
2026-05-30,nijisanji,ANYCOLOR,にじさんじ,,nijisanji:天宮こころ,天宮こころ,Amamiya Kokoro,kokoro-amamiya,active_official,https://www.nijisanji.jp/talents/l/kokoro-amamiya,https://www.nijisanji.jp/talents,,,nijisanji_official_allLivers
2026-05-30,nijisanji,ANYCOLOR,にじさんじ,,nijisanji:宇佐美リト,宇佐美リト,Usami Rito,rito-usami,active_official,https://www.nijisanji.jp/talents/l/rito-usami,https://www.nijisanji.jp/talents,,,nijisanji_official_allLivers
2026-05-30,nijisanji,ANYCOLOR,にじさんじ,,nijisanji:宇志海いちご,宇志海いちご,Ushimi Ichigo,ichigo-ushimi,active_official,https://www.nijisanji.jp/talents/l/ichigo-ushimi,https://www.nijisanji.jp/talents,,,nijisanji_official_allLivers
2026-05-30,nijisanji,ANYCOLOR,にじさんじ,,nijisanji:家長むぎ,家長むぎ,Ienaga Mugi,mugi-ienaga,active_official,https://www.nijisanji.jp/talents/l/mugi-ienaga,https://www.nijisanji.jp/talents,,,nijisanji_official_allLivers
2026-05-30,nijisanji,ANYCOLOR,にじさんじ,,nijisanji:小々波いるか,小々波いるか,Kokonami Iruka,iruka-kokonami,active_official,https://www.nijisanji.jp/talents/l/iruka-kokonami,https://www.nijisanji.jp/talents,,,nijisanji_official_allLivers
2026-05-30,nijisanji,ANYCOLOR,にじさんじ,,nijisanji:小柳ロウ,小柳ロウ,Koyanagi Rou,rou-koyanagi,active_official,https://www.nijisanji.jp/talents/l/rou-koyanagi,https://www.nijisanji.jp/talents,,,nijisanji_official_allLivers
2026-05-30,nijisanji,ANYCOLOR,にじさんじ,,nijisanji:小清水透,小清水透,Koshimizu Toru,toru-koshimizu,active_official,https://www.nijisanji.jp/talents/l/toru-koshimizu,https://www.nijisanji.jp/talents,,,nijisanji_official_allLivers
2026-05-30,nijisanji,ANYCOLOR,にじさんじ,,nijisanji:山神カルタ,山神カルタ,Yamagami Karuta,karuta-yamagami,active_official,https://www.nijisanji.jp/talents/l/karuta-yamagami,https://www.nijisanji.jp/talents,,,nijisanji_official_allLivers
2026-05-30,nijisanji,ANYCOLOR,にじさんじ,,nijisanji:弦月藤士郎,弦月藤士郎,Genzuki Tojiro,tojiro-genzuki,active_official,https://www.nijisanji.jp/talents/l/tojiro-genzuki,https://www.nijisanji.jp/talents,,,nijisanji_official_allLivers
2026-05-30,nijisanji,ANYCOLOR,にじさんじ,,nijisanji:御子神琴音,御子神琴音,Mikogami Kotone,kotone-mikogami,active_official,https://www.nijisanji.jp/talents/l/kotone-mikogami,https://www.nijisanji.jp/talents,,,nijisanji_official_allLivers
2026-05-30,nijisanji,ANYCOLOR,にじさんじ,,nijisanji:愛園愛美,愛園愛美,Aizono Manami,manami-aizono,active_official,https://www.nijisanji.jp/talents/l/manami-aizono,https://www.nijisanji.jp/talents,,,nijisanji_official_allLivers
2026-05-30,nijisanji,ANYCOLOR,にじさんじ,,nijisanji:戌亥とこ,戌亥とこ,Inui Toko,toko-inui,active_official,https://www.nijisanji.jp/talents/l/toko-inui,https://www.nijisanji.jp/talents,,,nijisanji_official_allLivers
2026-05-30,nijisanji,ANYCOLOR,にじさんじ,,nijisanji:文野環,文野環,Fumino Tamaki,tamaki-fumino,active_official,https://www.nijisanji.jp/talents/l/tamaki-fumino,https://www.nijisanji.jp/talents,,,nijisanji_official_allLivers
2026-05-30,nijisanji,ANYCOLOR,にじさんじ,,nijisanji:早乙女ベリー,早乙女ベリー,Saotome Berry,berry-saotome,active_official,https://www.nijisanji.jp/talents/l/berry-saotome,https://www.nijisanji.jp/talents,,,nijisanji_official_allLivers
2026-05-30,nijisanji,ANYCOLOR,にじさんじ,,nijisanji:早瀬走,早瀬走,Hayase Sou,sou-hayase,active_official,https://www.nijisanji.jp/talents/l/sou-hayase,https://www.nijisanji.jp/talents,,,nijisanji_official_allLivers
2026-05-30,nijisanji,ANYCOLOR,にじさんじ,,nijisanji:明楽レイ,明楽レイ,Akira Ray,akira-ray,active_official,https://www.nijisanji.jp/talents/l/akira-ray,https://www.nijisanji.jp/talents,,,nijisanji_official_allLivers
2026-05-30,nijisanji,ANYCOLOR,にじさんじ,,nijisanji:星導ショウ,星導ショウ,Hoshirube Sho,sho-hoshirube,active_official,https://www.nijisanji.jp/talents/l/sho-hoshirube,https://www.nijisanji.jp/talents,,,nijisanji_official_allLivers
2026-05-30,nijisanji,ANYCOLOR,にじさんじ,,nijisanji:星川サラ,星川サラ,Hoshikawa Sara,sara-hoshikawa,active_official,https://www.nijisanji.jp/talents/l/sara-hoshikawa,https://www.nijisanji.jp/talents,,,nijisanji_official_allLivers
2026-05-30,nijisanji,ANYCOLOR,にじさんじ,,nijisanji:春崎エアル,春崎エアル,Harusaki Air,air-harusaki,active_official,https://www.nijisanji.jp/talents/l/air-harusaki,https://www.nijisanji.jp/talents,,,nijisanji_official_allLivers
2026-05-30,nijisanji,ANYCOLOR,にじさんじ,,nijisanji:月ノ美兎,月ノ美兎,Tsukino Mito,mito-tsukino,active_official,https://www.nijisanji.jp/talents/l/mito-tsukino,https://www.nijisanji.jp/talents,,,nijisanji_official_allLivers
2026-05-30,nijisanji,ANYCOLOR,にじさんじ,,nijisanji:本間ひまわり,本間ひまわり,Honma Himawari,himawari-honma,active_official,https://www.nijisanji.jp/talents/l/himawari-honma,https://www.nijisanji.jp/talents,,,nijisanji_official_allLivers
2026-05-30,nijisanji,ANYCOLOR,にじさんじ,,nijisanji:来栖夏芽,来栖夏芽,Kurusu Natsume,natsume-kurusu,active_official,https://www.nijisanji.jp/talents/l/natsume-kurusu,https://www.nijisanji.jp/talents,,,nijisanji_official_allLivers
2026-05-30,nijisanji,ANYCOLOR,にじさんじ,,nijisanji:東堂コハク,東堂コハク,Todo Kohaku,kohaku-todo,active_official,https://www.nijisanji.jp/talents/l/kohaku-todo,https://www.nijisanji.jp/talents,,,nijisanji_official_allLivers
2026-05-30,nijisanji,ANYCOLOR,にじさんじ,,nijisanji:栞葉るり,栞葉るり,Shioriha Ruri,ruri-shioriha,active_official,https://www.nijisanji.jp/talents/l/ruri-shioriha,https://www.nijisanji.jp/talents,,,nijisanji_official_allLivers
2026-05-30,nijisanji,ANYCOLOR,にじさんじ,,nijisanji:桜凛月,桜凛月,Sakura Ritsuki,ritsuki-sakura,active_official,https://www.nijisanji.jp/talents/l/ritsuki-sakura,https://www.nijisanji.jp/talents,,,nijisanji_official_allLivers
2026-05-30,nijisanji,ANYCOLOR,にじさんじ,,nijisanji:梢桃音,梢桃音,Kozue Mone,mone-kozue,active_official,https://www.nijisanji.jp/talents/l/mone-kozue,https://www.nijisanji.jp/talents,,,nijisanji_official_allLivers
2026-05-30,nijisanji,ANYCOLOR,にじさんじ,,nijisanji:森中花咲,森中花咲,Morinaka Kazaki,kazaki-morinaka,active_official,https://www.nijisanji.jp/talents/l/kazaki-morinaka,https://www.nijisanji.jp/talents,,,nijisanji_official_allLivers
2026-05-30,nijisanji,ANYCOLOR,にじさんじ,,nijisanji:椎名唯華,椎名唯華,Shiina Yuika,yuika-shiina,active_official,https://www.nijisanji.jp/talents/l/yuika-shiina,https://www.nijisanji.jp/talents,,,nijisanji_official_allLivers
2026-05-30,nijisanji,ANYCOLOR,にじさんじ,,nijisanji:榊ネス,榊ネス,Sakaki Ness,ness-sakaki,active_official,https://www.nijisanji.jp/talents/l/ness-sakaki,https://www.nijisanji.jp/talents,,,nijisanji_official_allLivers
2026-05-30,nijisanji,ANYCOLOR,にじさんじ,,nijisanji:樋口楓,樋口楓,Higuchi Kaede,kaede-higuchi,active_official,https://www.nijisanji.jp/talents/l/kaede-higuchi,https://www.nijisanji.jp/talents,,,nijisanji_official_allLivers
2026-05-30,nijisanji,ANYCOLOR,にじさんじ,,nijisanji:水面まどか,水面まどか,Minamo Madoka,madoka-minamo,active_official,https://www.nijisanji.jp/talents/l/madoka-minamo,https://www.nijisanji.jp/talents,,,nijisanji_official_allLivers
2026-05-30,nijisanji,ANYCOLOR,にじさんじ,,nijisanji:海妹四葉,海妹四葉,Umise Yotsuha,yotsuha-umise,active_official,https://www.nijisanji.jp/talents/l/yotsuha-umise,https://www.nijisanji.jp/talents,,,nijisanji_official_allLivers
2026-05-30,nijisanji,ANYCOLOR,にじさんじ,,nijisanji:渋谷ハジメ,渋谷ハジメ,Shibuya Hajime,hajime-shibuya,active_official,https://www.nijisanji.jp/talents/l/hajime-shibuya,https://www.nijisanji.jp/talents,,,nijisanji_official_allLivers
2026-05-30,nijisanji,ANYCOLOR,にじさんじ,,nijisanji:渚トラウト,渚トラウト,Nagisa Trout,trout-nagisa,active_official,https://www.nijisanji.jp/talents/l/trout-nagisa,https://www.nijisanji.jp/talents,,,nijisanji_official_allLivers
2026-05-30,nijisanji,ANYCOLOR,にじさんじ,,nijisanji:渡会雲雀,渡会雲雀,Watarai Hibari,hibari-watarai,active_official,https://www.nijisanji.jp/talents/l/hibari-watarai,https://www.nijisanji.jp/talents,,,nijisanji_official_allLivers
2026-05-30,nijisanji,ANYCOLOR,にじさんじ,,nijisanji:物述有栖,物述有栖,Mononobe Alice,alice-mononobe,active_official,https://www.nijisanji.jp/talents/l/alice-mononobe,https://www.nijisanji.jp/talents,,,nijisanji_official_allLivers
2026-05-30,nijisanji,ANYCOLOR,にじさんじ,,nijisanji:猫屋敷美紅,猫屋敷美紅,Nekoyashiki Miku,miku-nekoyashiki,active_official,https://www.nijisanji.jp/talents/l/miku-nekoyashiki,https://www.nijisanji.jp/talents,,,nijisanji_official_allLivers
2026-05-30,nijisanji,ANYCOLOR,にじさんじ,,nijisanji:獅子堂あかり,獅子堂あかり,Shishido Akari,akari-shishido,active_official,https://www.nijisanji.jp/talents/l/akari-shishido,https://www.nijisanji.jp/talents,,,nijisanji_official_allLivers
2026-05-30,nijisanji,ANYCOLOR,にじさんじ,,nijisanji:珠乃井ナナ,珠乃井ナナ,Tamanoi Nana,nana-tamanoi,active_official,https://www.nijisanji.jp/talents/l/nana-tamanoi,https://www.nijisanji.jp/talents,,,nijisanji_official_allLivers
2026-05-30,nijisanji,ANYCOLOR,にじさんじ,,nijisanji:甲斐田晴,甲斐田晴,Kaida Haru,haru-kaida,active_official,https://www.nijisanji.jp/talents/l/haru-kaida,https://www.nijisanji.jp/talents,,,nijisanji_official_allLivers
2026-05-30,nijisanji,ANYCOLOR,にじさんじ,,nijisanji:男虎,男虎,Onotora,onotora,active_official,https://www.nijisanji.jp/talents/l/onotora,https://www.nijisanji.jp/talents,,,nijisanji_official_allLivers
2026-05-30,nijisanji,ANYCOLOR,にじさんじ,,nijisanji:町田ちま,町田ちま,Machita Chima,chima-machita,active_official,https://www.nijisanji.jp/talents/l/chima-machita,https://www.nijisanji.jp/talents,,,nijisanji_official_allLivers
2026-05-30,nijisanji,ANYCOLOR,にじさんじ,,nijisanji:白砂あやね,白砂あやね,Shirasa Ayane,ayane-shirasa,active_official,https://www.nijisanji.jp/talents/l/ayane-shirasa,https://www.nijisanji.jp/talents,,,nijisanji_official_allLivers
2026-05-30,nijisanji,ANYCOLOR,にじさんじ,,nijisanji:白雪巴,白雪巴,Shirayuki Tomoe,tomoe-shirayuki,active_official,https://www.nijisanji.jp/talents/l/tomoe-shirayuki,https://www.nijisanji.jp/talents,,,nijisanji_official_allLivers
2026-05-30,nijisanji,ANYCOLOR,にじさんじ,,nijisanji:皇れお,皇れお,Sumeragi Reo,reo-sumeragi,active_official,https://www.nijisanji.jp/talents/l/reo-sumeragi,https://www.nijisanji.jp/talents,,,nijisanji_official_allLivers
2026-05-30,nijisanji,ANYCOLOR,にじさんじ,,nijisanji:矢車りね,矢車りね,Yaguruma Rine,rine-yaguruma,active_official,https://www.nijisanji.jp/talents/l/rine-yaguruma,https://www.nijisanji.jp/talents,,,nijisanji_official_allLivers
2026-05-30,nijisanji,ANYCOLOR,にじさんじ,,nijisanji:石神のぞみ,石神のぞみ,Ishigami Nozomi,nozomi-ishigami,active_official,https://www.nijisanji.jp/talents/l/nozomi-ishigami,https://www.nijisanji.jp/talents,,,nijisanji_official_allLivers
2026-05-30,nijisanji,ANYCOLOR,にじさんじ,,nijisanji:社築,社築,Yashiro Kizuku,kizuku-yashiro,active_official,https://www.nijisanji.jp/talents/l/kizuku-yashiro,https://www.nijisanji.jp/talents,,,nijisanji_official_allLivers
2026-05-30,nijisanji,ANYCOLOR,にじさんじ,,nijisanji:神田笑一,神田笑一,Kanda Shoichi,shoichi-kanda,active_official,https://www.nijisanji.jp/talents/l/shoichi-kanda,https://www.nijisanji.jp/talents,,,nijisanji_official_allLivers
2026-05-30,nijisanji,ANYCOLOR,にじさんじ,,nijisanji:空星きらめ,空星きらめ,Sorahoshi Kirame,kirame-sorahoshi,active_official,https://www.nijisanji.jp/talents/l/kirame-sorahoshi,https://www.nijisanji.jp/talents,,,nijisanji_official_allLivers
2026-05-30,nijisanji,ANYCOLOR,にじさんじ,,nijisanji:立伝都々,立伝都々,Tachitsute Toto,toto-tachitsute,active_official,https://www.nijisanji.jp/talents/l/toto-tachitsute,https://www.nijisanji.jp/talents,,,nijisanji_official_allLivers
2026-05-30,nijisanji,ANYCOLOR,にじさんじ,,nijisanji:竜胆尊,竜胆尊,Rindou Mikoto,mikoto-rindou,active_official,https://www.nijisanji.jp/talents/l/mikoto-rindou,https://www.nijisanji.jp/talents,,,nijisanji_official_allLivers
2026-05-30,nijisanji,ANYCOLOR,にじさんじ,,nijisanji:笹木咲,笹木咲,Sasaki Saku,saku-sasaki,active_official,https://www.nijisanji.jp/talents/l/saku-sasaki,https://www.nijisanji.jp/talents,,,nijisanji_official_allLivers
2026-05-30,nijisanji,ANYCOLOR,にじさんじ,,nijisanji:篠宮ゆの,篠宮ゆの,Shinomiya Yuno,yuno-shinomiya,active_official,https://www.nijisanji.jp/talents/l/yuno-shinomiya,https://www.nijisanji.jp/talents,,,nijisanji_official_allLivers
2026-05-30,nijisanji,ANYCOLOR,にじさんじ,,nijisanji:綺沙良,綺沙良,Kisara,kisara,active_official,https://www.nijisanji.jp/talents/l/kisara,https://www.nijisanji.jp/talents,,,nijisanji_official_allLivers
2026-05-30,nijisanji,ANYCOLOR,にじさんじ,,nijisanji:緋八マナ,緋八マナ,Hibachi Mana,mana-hibachi,active_official,https://www.nijisanji.jp/talents/l/mana-hibachi,https://www.nijisanji.jp/talents,,,nijisanji_official_allLivers
2026-05-30,nijisanji,ANYCOLOR,にじさんじ,,nijisanji:緑仙,緑仙,Ryushen,ryushen,active_official,https://www.nijisanji.jp/talents/l/ryushen,https://www.nijisanji.jp/talents,,,nijisanji_official_allLivers
2026-05-30,nijisanji,ANYCOLOR,にじさんじ,,nijisanji:舞元啓介,舞元啓介,Maimoto Keisuke,keisuke-maimoto,active_official,https://www.nijisanji.jp/talents/l/keisuke-maimoto,https://www.nijisanji.jp/talents,,,nijisanji_official_allLivers
2026-05-30,nijisanji,ANYCOLOR,にじさんじ,,nijisanji:花畑チャイカ,花畑チャイカ,Hanabatake Chaika,chaika-hanabatake,active_official,https://www.nijisanji.jp/talents/l/chaika-hanabatake,https://www.nijisanji.jp/talents,,,nijisanji_official_allLivers
2026-05-30,nijisanji,ANYCOLOR,にじさんじ,,nijisanji:花籠つばさ,花籠つばさ,Hanakago Tsubasa,tsubasa-hanakago,active_official,https://www.nijisanji.jp/talents/l/tsubasa-hanakago,https://www.nijisanji.jp/talents,,,nijisanji_official_allLivers
2026-05-30,nijisanji,ANYCOLOR,にじさんじ,,nijisanji:葉加瀬冬雪,葉加瀬冬雪,Hakase Fuyuki,fuyuki-hakase,active_official,https://www.nijisanji.jp/talents/l/fuyuki-hakase,https://www.nijisanji.jp/talents,,,nijisanji_official_allLivers
2026-05-30,nijisanji,ANYCOLOR,にじさんじ,,nijisanji:葉山舞鈴,葉山舞鈴,Hayama Marin,marin-hayama,active_official,https://www.nijisanji.jp/talents/l/marin-hayama,https://www.nijisanji.jp/talents,,,nijisanji_official_allLivers
2026-05-30,nijisanji,ANYCOLOR,にじさんじ,,nijisanji:葛葉,葛葉,Kuzuha,kuzuha,active_official,https://www.nijisanji.jp/talents/l/kuzuha,https://www.nijisanji.jp/talents,,,nijisanji_official_allLivers
2026-05-30,nijisanji,ANYCOLOR,にじさんじ,,nijisanji:蝸堂みかる,蝸堂みかる,Kadou Mikaru,mikaru-kadou,active_official,https://www.nijisanji.jp/talents/l/mikaru-kadou,https://www.nijisanji.jp/talents,,,nijisanji_official_allLivers
2026-05-30,nijisanji,ANYCOLOR,にじさんじ,,nijisanji:西園チグサ,西園チグサ,Nishizono Chigusa,chigusa-nishizono,active_official,https://www.nijisanji.jp/talents/l/chigusa-nishizono,https://www.nijisanji.jp/talents,,,nijisanji_official_allLivers
2026-05-30,nijisanji,ANYCOLOR,にじさんじ,,nijisanji:語部紡,語部紡,Kataribe Tsumugu,tsumugu-kataribe,active_official,https://www.nijisanji.jp/talents/l/tsumugu-kataribe,https://www.nijisanji.jp/talents,,,nijisanji_official_allLivers
2026-05-30,nijisanji,ANYCOLOR,にじさんじ,,nijisanji:赤城ウェン,赤城ウェン,Akagi Wen,wen-akagi,active_official,https://www.nijisanji.jp/talents/l/wen-akagi,https://www.nijisanji.jp/talents,,,nijisanji_official_allLivers
2026-05-30,nijisanji,ANYCOLOR,にじさんじ,,nijisanji:赤羽葉子,赤羽葉子,Akabane Youko,youko-akabane,active_official,https://www.nijisanji.jp/talents/l/youko-akabane,https://www.nijisanji.jp/talents,,,nijisanji_official_allLivers
2026-05-30,nijisanji,ANYCOLOR,にじさんじ,,nijisanji:轟京子,轟京子,Todoroki Kyoko,kyoko-todoroki,active_official,https://www.nijisanji.jp/talents/l/kyoko-todoroki,https://www.nijisanji.jp/talents,,,nijisanji_official_allLivers
2026-05-30,nijisanji,ANYCOLOR,にじさんじ,,nijisanji:酒寄颯馬,酒寄颯馬,Sakayori Soma,soma-sakayori,active_official,https://www.nijisanji.jp/talents/l/soma-sakayori,https://www.nijisanji.jp/talents,,,nijisanji_official_allLivers
2026-05-30,nijisanji,ANYCOLOR,にじさんじ,,nijisanji:鈴原るる,鈴原るる,Suzuhara Lulu,lulu-suzuhara,active_official,https://www.nijisanji.jp/talents/l/lulu-suzuhara,https://www.nijisanji.jp/talents,,,nijisanji_official_allLivers
2026-05-30,nijisanji,ANYCOLOR,にじさんじ,,nijisanji:鈴木勝,鈴木勝,Suzuki Masaru,masaru-suzuki,active_official,https://www.nijisanji.jp/talents/l/masaru-suzuki,https://www.nijisanji.jp/talents,,,nijisanji_official_allLivers
2026-05-30,nijisanji,ANYCOLOR,にじさんじ,,nijisanji:鏑木ろこ,鏑木ろこ,Kaburaki Roco,roco-kaburaki,active_official,https://www.nijisanji.jp/talents/l/roco-kaburaki,https://www.nijisanji.jp/talents,,,nijisanji_official_allLivers
2026-05-30,nijisanji,ANYCOLOR,にじさんじ,,nijisanji:長尾景,長尾景,Nagao Kei,kei-nagao,active_official,https://www.nijisanji.jp/talents/l/kei-nagao,https://www.nijisanji.jp/talents,,,nijisanji_official_allLivers
2026-05-30,nijisanji,ANYCOLOR,にじさんじ,,nijisanji:雨森小夜,雨森小夜,Amemori Sayo,sayo-amemori,active_official,https://www.nijisanji.jp/talents/l/sayo-amemori,https://www.nijisanji.jp/talents,,,nijisanji_official_allLivers
2026-05-30,nijisanji,ANYCOLOR,にじさんじ,,nijisanji:雪城眞尋,雪城眞尋,Yukishiro Mahiro,mahiro-yukishiro,active_official,https://www.nijisanji.jp/talents/l/mahiro-yukishiro,https://www.nijisanji.jp/talents,,,nijisanji_official_allLivers
2026-05-30,nijisanji,ANYCOLOR,にじさんじ,,nijisanji:雲母たまこ,雲母たまこ,Kirara Tamako,tamako-kirara,active_official,https://www.nijisanji.jp/talents/l/tamako-kirara,https://www.nijisanji.jp/talents,,,nijisanji_official_allLivers
2026-05-30,nijisanji,ANYCOLOR,にじさんじ,,nijisanji:静凛,静凛,Shizuka Rin,rin-shizuka,active_official,https://www.nijisanji.jp/talents/l/rin-shizuka,https://www.nijisanji.jp/talents,,,nijisanji_official_allLivers
2026-05-30,nijisanji,ANYCOLOR,にじさんじ,,nijisanji:風楽奏斗,風楽奏斗,Fura Kanato,kanato-fura,active_official,https://www.nijisanji.jp/talents/l/kanato-fura,https://www.nijisanji.jp/talents,,,nijisanji_official_allLivers
2026-05-30,nijisanji,ANYCOLOR,にじさんじ,,nijisanji:飛鳥ひな,飛鳥ひな,Asuka Hina,hina-asuka,active_official,https://www.nijisanji.jp/talents/l/hina-asuka,https://www.nijisanji.jp/talents,,,nijisanji_official_allLivers
2026-05-30,nijisanji,ANYCOLOR,にじさんじ,,nijisanji:魁星,魁星,Kaisei,kaisei,active_official,https://www.nijisanji.jp/talents/l/kaisei,https://www.nijisanji.jp/talents,,,nijisanji_official_allLivers
2026-05-30,nijisanji,ANYCOLOR,にじさんじ,,nijisanji:魔使マオ,魔使マオ,Matsukai Mao,mao-matsukai,active_official,https://www.nijisanji.jp/talents/l/mao-matsukai,https://www.nijisanji.jp/talents,,,nijisanji_official_allLivers
2026-05-30,nijisanji,ANYCOLOR,にじさんじ,,nijisanji:魔界ノりりむ,魔界ノりりむ,Makaino Ririmu,makaino-ririmu,active_official,https://www.nijisanji.jp/talents/l/makaino-ririmu,https://www.nijisanji.jp/talents,,,nijisanji_official_allLivers
2026-05-30,nijisanji,ANYCOLOR,にじさんじ,,nijisanji:鷹宮リオン,鷹宮リオン,Takamiya Rion,rion-takamiya,active_official,https://www.nijisanji.jp/talents/l/rion-takamiya,https://www.nijisanji.jp/talents,,,nijisanji_official_allLivers
2026-05-30,nijisanji,ANYCOLOR,にじさんじ,,nijisanji:黒井しば,黒井しば,Kuroi Shiba,shiba-kuroi,active_official,https://www.nijisanji.jp/talents/l/shiba-kuroi,https://www.nijisanji.jp/talents,,,nijisanji_official_allLivers
